Enlighten Version,1.6.7
Serial Number,,WP-00339,WP-00339,WP-00339,WP-00339,WP-00339,WP-00339,WP-00339,WP-00339,WP-00339,WP-00339,WP-00339,WP-00339,WP-00339,WP-00339,WP-00339,WP-00339,WP-00339,WP-00339,WP-00339,WP-00339,WP-00339,WP-00339,WP-00339,WP-00339
Measurement ID,,20190530-173205-156676-WP-00339,20190530-173300-265812-WP-00339,20190530-173333-558866-WP-00339,20190530-173418-725944-WP-00339,20190530-173448-718993-WP-00339,20190530-173518-032050-WP-00339,20190530-173548-565100-WP-00339,20190530-173621-078153-WP-00339,20190530-173649-731201-WP-00339,20190530-173719-134249-WP-00339,20190530-173833-457361-WP-00339,20190530-173929-630447-WP-00339,20190530-174000-317497-WP-00339,20190530-174040-990562-WP-00339,20190530-174110-093610-WP-00339,20190530-174141-882678-WP-00339,20190530-174221-005741-WP-00339,20190530-174251-981799-WP-00339,20190530-174343-233920-WP-00339,20190530-174430-860002-WP-00339,20190530-174544-905113-WP-00339,20190530-174714-731254-WP-00339,20190530-174739-861289-WP-00339,20190530-174818-497358-WP-00339
Integration Time,,10000,10000,10000,10000,10000,10000,10000,10000,10000,10000,10000,10000,10000,10000,10000,10000,10000,10000,10000,10000,10000,2000,2000,500
Timestamp,,2019-05-30 17:32:05.156676,2019-05-30 17:33:00.265812,2019-05-30 17:33:33.558866,2019-05-30 17:34:18.725944,2019-05-30 17:34:48.718993,2019-05-30 17:35:18.032050,2019-05-30 17:35:48.565100,2019-05-30 17:36:21.078153,2019-05-30 17:36:49.731201,2019-05-30 17:37:19.134249,2019-05-30 17:38:33.457361,2019-05-30 17:39:29.630447,2019-05-30 17:40:00.317497,2019-05-30 17:40:40.990562,2019-05-30 17:41:10.093610,2019-05-30 17:41:41.882678,2019-05-30 17:42:21.005741,2019-05-30 17:42:51.981799,2019-05-30 17:43:43.233920,2019-05-30 17:44:30.860002,2019-05-30 17:45:44.905113,2019-05-30 17:47:14.731254,2019-05-30 17:47:39.861289,2019-05-30 17:48:18.497358
Note,,Sample Library,Sample Library,Sample Library,Sample Library,Sample Library,Sample Library,Sample Library,Sample Library,Sample Library,Sample Library,Sample Library,Sample Library,Sample Library,Sample Library,Sample Library,Sample Library,Sample Library,Sample Library,Sample Library,Sample Library,Sample Library,Sample Library,Sample Library,Sample Library
Temperature,,-14.99661578627456,-14.886765208173983,-14.95998368690789,-14.99661578627456,-14.886765208173983,-14.813607689439323,-14.886765208173983,-14.99661578627456,-14.99661578627456,-14.95998368690789,-15.069925705007336,-15.033263125641042,-14.95998368690789,-14.99661578627456,-15.143296583739357,-14.95998368690789,-14.99661578627456,-14.923366827541031,-15.143296583739357,-14.99661578627456,-15.069925705007336,-14.850178828806747,-14.886765208173983,-14.850178828806747
CCD C0,,1090.1485595703125,1090.1485595703125,1090.1485595703125,1090.1485595703125,1090.1485595703125,1090.1485595703125,1090.1485595703125,1090.1485595703125,1090.1485595703125,1090.1485595703125,1090.1485595703125,1090.1485595703125,1090.1485595703125,1090.1485595703125,1090.1485595703125,1090.1485595703125,1090.1485595703125,1090.1485595703125,1090.1485595703125,1090.1485595703125,1090.1485595703125,1090.1485595703125,1090.1485595703125,1090.1485595703125
CCD C1,,0.5324100255966187,0.5324100255966187,0.5324100255966187,0.5324100255966187,0.5324100255966187,0.5324100255966187,0.5324100255966187,0.5324100255966187,0.5324100255966187,0.5324100255966187,0.5324100255966187,0.5324100255966187,0.5324100255966187,0.5324100255966187,0.5324100255966187,0.5324100255966187,0.5324100255966187,0.5324100255966187,0.5324100255966187,0.5324100255966187,0.5324100255966187,0.5324100255966187,0.5324100255966187,0.5324100255966187
CCD C2,,-3.608499901019968e-05,-3.608499901019968e-05,-3.608499901019968e-05,-3.608499901019968e-05,-3.608499901019968e-05,-3.608499901019968e-05,-3.608499901019968e-05,-3.608499901019968e-05,-3.608499901019968e-05,-3.608499901019968e-05,-3.608499901019968e-05,-3.608499901019968e-05,-3.608499901019968e-05,-3.608499901019968e-05,-3.608499901019968e-05,-3.608499901019968e-05,-3.608499901019968e-05,-3.608499901019968e-05,-3.608499901019968e-05,-3.608499901019968e-05,-3.608499901019968e-05,-3.608499901019968e-05,-3.608499901019968e-05,-3.608499901019968e-05
CCD C3,,-2.1022999874276138e-07,-2.1022999874276138e-07,-2.1022999874276138e-07,-2.1022999874276138e-07,-2.1022999874276138e-07,-2.1022999874276138e-07,-2.1022999874276138e-07,-2.1022999874276138e-07,-2.1022999874276138e-07,-2.1022999874276138e-07,-2.1022999874276138e-07,-2.1022999874276138e-07,-2.1022999874276138e-07,-2.1022999874276138e-07,-2.1022999874276138e-07,-2.1022999874276138e-07,-2.1022999874276138e-07,-2.1022999874276138e-07,-2.1022999874276138e-07,-2.1022999874276138e-07,-2.1022999874276138e-07,-2.1022999874276138e-07,-2.1022999874276138e-07,-2.1022999874276138e-07
CCD Offset,,0,0,0,0,0,0,0,0,0,0,0,0,0,0,0,0,0,0,0,0,0,0,0,0
CCD Gain,,1.9,1.9,1.9,1.9,1.9,1.9,1.9,1.9,1.9,1.9,1.9,1.9,1.9,1.9,1.9,1.9,1.9,1.9,1.9,1.9,1.9,1.9,1.9,1.9
Laser Wavelength,,1064,1064,1064,1064,1064,1064,1064,1064,1064,1064,1064,1064,1064,1064,1064,1064,1064,1064,1064,1064,1064,1064,1064,1064
Laser Enable,,False,False,False,False,False,False,False,False,False,False,False,False,False,False,False,False,False,False,False,False,False,False,False,False
Laser Power,,100,100,100,100,100,100,100,100,100,100,100,100,100,100,100,100,100,100,100,100,100,100,100,100
Laser Temperature,,0,0,0,0,0,0,0,0,0,0,0,0,0,0,0,0,0,0,0,0,0,0,0,0
Pixel Count,,512,512,512,512,512,512,512,512,512,512,512,512,512,512,512,512,512,512,512,512,512,512,512,512

WP-00339,,Glucose 100g per L,Ammonium Chloride,Sucrose,Sugar,Methanol,Mineral Oil,Coconut Oil,Ethanol,Acetonitrile,Acetone,Isopropanol,MEK,Urea,Acetaminophen,Ammonium Nitrate,Acetonitrile Toluene,Naphthalene,Cyclohexane,Toluene,Sodium Perchlorate,Linseed Oil,Benzene,BMSB,Sulfur
pixel,wavelength,processed,processed,processed,processed,processed,processed,processed,processed,processed,processed,processed,processed,processed,processed,processed,processed,processed,processed,processed,processed,processed,processed,processed,processed
0,1090.15,795.00,611.00,521.00,702.00,652.00,1812.00,2362.00,386.00,1055.00,739.00,434.00,913.00,572.00,2996.00,1024.00,5448.00,404.00,181.00,10803.00,225.00,3066.00,140.00,1139.00,33351.00
1,1090.68,742.00,508.00,593.00,756.00,601.00,1721.00,2217.00,319.00,923.00,652.00,372.00,894.00,498.00,2303.00,925.00,4227.00,345.00,169.00,7826.00,203.00,2970.00,127.00,1059.00,10984.00
2,1091.21,735.00,505.00,630.00,786.00,594.00,1724.00,2160.00,330.00,882.00,659.00,402.00,867.00,491.00,1901.00,833.00,3121.00,333.00,192.00,5421.00,198.00,2921.00,110.00,997.00,3348.00
3,1091.75,666.00,441.00,553.00,686.00,557.00,1635.00,2005.00,323.00,791.00,580.00,353.00,878.00,418.00,1627.00,734.00,2230.00,291.00,183.00,3660.00,213.00,2791.00,93.00,899.00,2810.00
4,1092.28,677.00,429.00,456.00,571.00,530.00,1620.00,1977.00,320.00,767.00,585.00,379.00,949.00,403.00,1502.00,711.00,1806.00,322.00,205.00,2774.00,222.00,2783.00,69.00,871.00,3974.00
5,1092.81,614.00,400.00,340.00,461.00,499.00,1503.00,1799.00,288.00,660.00,532.00,358.00,972.00,344.00,1332.00,610.00,1420.00,271.00,162.00,2113.00,192.00,2608.00,49.00,777.00,5195.00
6,1093.34,634.00,374.00,348.00,469.00,521.00,1538.00,1832.00,317.00,684.00,538.00,395.00,1169.00,353.00,1345.00,615.00,1263.00,291.00,205.00,1767.00,218.00,2654.00,68.00,802.00,5045.00
7,1093.87,579.00,372.00,355.00,474.00,467.00,1453.00,1692.00,278.00,616.00,485.00,340.00,1294.00,324.00,1203.00,530.00,1046.00,234.00,178.00,1420.00,199.00,2500.00,50.00,748.00,2905.00
8,1094.41,594.00,360.00,374.00,498.00,451.00,1466.00,1679.00,317.00,597.00,498.00,368.00,1582.00,294.00,1195.00,512.00,981.00,216.00,147.00,1288.00,197.00,2562.00,33.00,790.00,1264.00
9,1094.94,549.00,334.00,348.00,437.00,430.00,1411.00,1592.00,303.00,559.00,486.00,354.00,1502.00,304.00,1157.00,463.00,884.00,197.00,152.00,1073.00,195.00,2428.00,27.00,814.00,744.00
10,1095.47,556.00,363.00,305.00,406.00,461.00,1404.00,1643.00,327.00,570.00,473.00,380.00,1370.00,288.00,1184.00,475.00,838.00,190.00,140.00,1003.00,214.00,2510.00,32.00,930.00,679.00
11,1096.00,537.00,355.00,278.00,362.00,401.00,1324.00,1557.00,293.00,540.00,451.00,352.00,1050.00,244.00,1094.00,416.00,754.00,203.00,127.00,890.00,203.00,2374.00,11.00,918.00,610.00
12,1096.53,562.00,383.00,343.00,468.00,430.00,1401.00,1557.00,349.00,556.00,485.00,375.00,924.00,317.00,1165.00,442.00,738.00,214.00,182.00,854.00,223.00,2446.00,32.00,897.00,608.00
13,1097.06,543.00,391.00,425.00,572.00,421.00,1344.00,1502.00,327.00,531.00,443.00,379.00,750.00,289.00,1126.00,401.00,709.00,186.00,170.00,785.00,231.00,2357.00,37.00,941.00,571.00
14,1097.59,519.00,335.00,428.00,590.00,368.00,1351.00,1468.00,274.00,515.00,418.00,315.00,669.00,270.00,1126.00,362.00,643.00,153.00,124.00,703.00,198.00,2361.00,13.00,1157.00,561.00
15,1098.13,501.00,326.00,434.00,537.00,323.00,1253.00,1354.00,250.00,484.00,381.00,284.00,549.00,245.00,1078.00,325.00,601.00,140.00,100.00,639.00,191.00,2219.00,26.00,1358.00,532.00
16,1098.66,513.00,375.00,488.00,626.00,333.00,1296.00,1375.00,282.00,505.00,416.00,316.00,537.00,280.00,1171.00,349.00,623.00,202.00,142.00,660.00,222.00,2265.00,14.00,1519.00,549.00
17,1099.19,460.00,320.00,465.00,576.00,295.00,1217.00,1310.00,244.00,506.00,383.00,273.00,468.00,236.00,1140.00,296.00,577.00,155.00,87.00,599.00,204.00,2207.00,23.00,1471.00,556.00
18,1099.72,498.00,342.00,471.00,607.00,272.00,1297.00,1316.00,226.00,532.00,395.00,286.00,475.00,250.00,1200.00,298.00,618.00,175.00,121.00,605.00,230.00,2231.00,21.00,1352.00,544.00
19,1100.25,450.00,332.00,468.00,633.00,259.00,1210.00,1204.00,192.00,507.00,373.00,259.00,404.00,228.00,1203.00,272.00,590.00,142.00,109.00,557.00,205.00,2153.00,16.00,1118.00,515.00
20,1100.78,464.00,342.00,497.00,662.00,231.00,1222.00,1268.00,184.00,560.00,366.00,291.00,416.00,236.00,1330.00,277.00,644.00,164.00,102.00,573.00,227.00,2165.00,13.00,978.00,498.00
21,1101.31,459.00,312.00,475.00,610.00,228.00,1179.00,1180.00,169.00,558.00,348.00,260.00,394.00,232.00,1443.00,234.00,606.00,130.00,96.00,535.00,215.00,2066.00,9.00,788.00,478.00
22,1101.84,449.00,332.00,418.00,556.00,190.00,1192.00,1187.00,172.00,627.00,362.00,254.00,383.00,218.00,1892.00,240.00,652.00,140.00,101.00,574.00,216.00,2060.00,10.00,662.00,543.00
23,1102.37,430.00,312.00,320.00,448.00,167.00,1105.00,1150.00,138.00,644.00,333.00,230.00,329.00,214.00,2536.00,233.00,684.00,136.00,113.00,585.00,208.00,1953.00,3.00,537.00,497.00
24,1102.90,493.00,361.00,345.00,416.00,214.00,1183.00,1171.00,168.00,759.00,377.00,298.00,392.00,255.00,3251.00,259.00,801.00,173.00,147.00,679.00,225.00,1997.00,31.00,524.00,483.00
25,1103.43,447.00,322.00,250.00,360.00,160.00,1078.00,1103.00,148.00,740.00,322.00,255.00,320.00,217.00,3093.00,221.00,852.00,130.00,117.00,780.00,190.00,1825.00,11.00,424.00,438.00
26,1103.96,483.00,340.00,328.00,435.00,167.00,1106.00,1122.00,162.00,893.00,370.00,288.00,357.00,240.00,2692.00,232.00,1076.00,155.00,164.00,1179.00,246.00,1862.00,13.00,425.00,424.00
27,1104.49,491.00,335.00,314.00,452.00,167.00,1088.00,1083.00,184.00,978.00,376.00,316.00,353.00,259.00,2039.00,213.00,1347.00,164.00,158.00,1680.00,243.00,1740.00,30.00,377.00,374.00
28,1105.02,516.00,348.00,372.00,473.00,158.00,1086.00,1086.00,162.00,1129.00,386.00,335.00,353.00,251.00,1597.00,216.00,1646.00,188.00,174.00,2107.00,183.00,1749.00,30.00,395.00,366.00
29,1105.55,499.00,341.00,335.00,459.00,127.00,1041.00,1033.00,153.00,1295.00,376.00,329.00,355.00,263.00,1236.00,195.00,1674.00,169.00,198.00,1831.00,207.00,1680.00,16.00,352.00,384.00
30,1106.08,519.00,330.00,385.00,487.00,171.00,1083.00,1078.00,175.00,1695.00,450.00,425.00,376.00,296.00,1142.00,233.00,1711.00,212.00,264.00,1349.00,270.00,1680.00,14.00,384.00,378.00
31,1106.61,537.00,363.00,468.00,593.00,168.00,1053.00,1004.00,188.00,2196.00,481.00,484.00,417.00,309.00,1107.00,227.00,1848.00,248.00,319.00,916.00,294.00,1602.00,33.00,382.00,397.00
32,1107.14,486.00,296.00,501.00,657.00,123.00,1026.00,956.00,172.00,3028.00,450.00,605.00,355.00,250.00,1080.00,178.00,2357.00,235.00,326.00,627.00,251.00,1524.00,28.00,416.00,414.00
33,1107.67,476.00,310.00,535.00,690.00,107.00,1057.00,898.00,176.00,4502.00,531.00,891.00,419.00,316.00,1116.00,193.00,3401.00,318.00,509.00,525.00,255.00,1499.00,20.00,499.00,444.00
34,1108.20,499.00,322.00,471.00,617.00,140.00,1079.00,906.00,208.00,7227.00,604.00,1200.00,463.00,316.00,1198.00,202.00,5284.00,375.00,761.00,486.00,298.00,1526.00,44.00,827.00,495.00
35,1108.73,462.00,291.00,366.00,463.00,118.00,1038.00,859.00,207.00,10274.00,682.00,1208.00,470.00,332.00,1210.00,168.00,6933.00,405.00,1249.00,393.00,289.00,1452.00,44.00,1022.00,520.00
36,1109.26,512.00,281.00,317.00,445.00,127.00,1103.00,874.00,212.00,12419.00,873.00,1003.00,567.00,317.00,1475.00,183.00,7473.00,492.00,1973.00,418.00,297.00,1479.00,49.00,1046.00,568.00
37,1109.79,495.00,278.00,333.00,478.00,91.00,1096.00,867.00,226.00,10853.00,1109.00,748.00,646.00,317.00,2211.00,178.00,5849.00,1087.00,2236.00,400.00,299.00,1447.00,17.00,752.00,624.00
38,1110.32,545.00,309.00,437.00,556.00,113.00,1139.00,953.00,252.00,7694.00,1372.00,649.00,828.00,307.00,3644.00,184.00,3867.00,2223.00,1913.00,409.00,278.00,1503.00,91.00,580.00,661.00
39,1110.85,571.00,307.00,603.00,812.00,123.00,1146.00,969.00,285.00,4554.00,1471.00,600.00,1091.00,316.00,4001.00,173.00,2375.00,2422.00,1181.00,451.00,316.00,1487.00,91.00,459.00,681.00
40,1111.37,583.00,236.00,1073.00,1371.00,85.00,1170.00,1053.00,289.00,3039.00,1347.00,561.00,1698.00,277.00,3181.00,158.00,1704.00,1633.00,756.00,485.00,315.00,1527.00,111.00,434.00,709.00
41,1111.90,626.00,299.00,1399.00,1785.00,108.00,1208.00,1132.00,345.00,2082.00,1076.00,611.00,2642.00,299.00,1855.00,178.00,1320.00,618.00,602.00,571.00,326.00,1583.00,108.00,384.00,742.00
42,1112.43,653.00,258.00,1388.00,1724.00,107.00,1300.00,1147.00,381.00,1635.00,797.00,665.00,3646.00,293.00,1444.00,156.00,1143.00,323.00,621.00,637.00,310.00,1629.00,116.00,393.00,904.00
43,1112.96,657.00,272.00,933.00,1197.00,116.00,1286.00,1080.00,463.00,1314.00,626.00,750.00,3588.00,262.00,1390.00,168.00,976.00,294.00,726.00,620.00,319.00,1625.00,104.00,349.00,1051.00
44,1113.49,672.00,283.00,681.00,897.00,100.00,1314.00,999.00,561.00,1115.00,499.00,877.00,2767.00,254.00,1380.00,159.00,861.00,266.00,985.00,538.00,327.00,1706.00,88.00,341.00,1326.00
45,1114.01,717.00,273.00,585.00,792.00,90.00,1275.00,926.00,749.00,920.00,412.00,1065.00,1730.00,277.00,1169.00,153.00,751.00,269.00,1639.00,505.00,295.00,1718.00,79.00,282.00,1736.00
46,1114.54,751.00,286.00,524.00,693.00,90.00,1320.00,903.00,1063.00,868.00,405.00,1359.00,1154.00,269.00,1032.00,169.00,692.00,282.00,2680.00,519.00,319.00,1768.00,68.00,290.00,2516.00
47,1115.07,724.00,252.00,423.00,553.00,82.00,1264.00,882.00,1332.00,723.00,365.00,1524.00,832.00,259.00,952.00,151.00,627.00,255.00,3103.00,490.00,325.00,1716.00,36.00,241.00,3398.00
48,1115.60,719.00,311.00,431.00,559.00,138.00,1332.00,881.00,1618.00,677.00,346.00,1640.00,701.00,269.00,1000.00,180.00,596.00,247.00,2694.00,474.00,346.00,1759.00,17.00,245.00,4668.00
49,1116.13,645.00,269.00,488.00,670.00,84.00,1311.00,787.00,1610.00,586.00,299.00,1536.00,541.00,264.00,935.00,143.00,530.00,217.00,1647.00,435.00,331.00,1686.00,0.00,217.00,5823.00
50,1116.65,661.00,308.00,702.00,913.00,82.00,1335.00,797.00,1499.00,549.00,327.00,1462.00,528.00,255.00,996.00,178.00,531.00,213.00,1000.00,444.00,379.00,1721.00,38.00,236.00,5830.00
51,1117.18,677.00,291.00,765.00,941.00,93.00,1313.00,745.00,1239.00,458.00,311.00,1302.00,458.00,265.00,965.00,141.00,469.00,203.00,702.00,448.00,373.00,1645.00,28.00,218.00,3922.00
52,1117.71,645.00,272.00,629.00,824.00,94.00,1338.00,770.00,1076.00,419.00,296.00,1155.00,441.00,237.00,1062.00,126.00,444.00,195.00,514.00,446.00,560.00,1665.00,56.00,372.00,2035.00
53,1118.23,650.00,302.00,424.00,559.00,96.00,1307.00,764.00,855.00,412.00,308.00,981.00,444.00,255.00,1190.00,146.00,441.00,196.00,436.00,510.00,1112.00,1627.00,13.00,754.00,1414.00
54,1118.76,653.00,336.00,346.00,415.00,89.00,1315.00,827.00,725.00,370.00,340.00,877.00,480.00,264.00,1401.00,146.00,480.00,239.00,415.00,660.00,5033.00,1662.00,31.00,997.00,2254.00
55,1119.29,620.00,298.00,324.00,381.00,108.00,1269.00,800.00,597.00,333.00,370.00,793.00,515.00,296.00,1779.00,155.00,562.00,387.00,387.00,1004.00,12654.00,1667.00,22.00,775.00,5074.00
56,1119.81,583.00,325.00,268.00,370.00,77.00,1228.00,794.00,497.00,333.00,415.00,701.00,606.00,314.00,2080.00,136.00,694.00,561.00,379.00,1255.00,15144.00,1687.00,20.00,393.00,13401.00
57,1120.34,529.00,336.00,287.00,386.00,120.00,1223.00,761.00,417.00,307.00,467.00,715.00,672.00,313.00,1941.00,151.00,721.00,553.00,413.00,1148.00,8828.00,1649.00,12.00,221.00,30610.00
58,1120.87,520.00,368.00,327.00,412.00,107.00,1213.00,727.00,355.00,270.00,535.00,797.00,652.00,292.00,1593.00,149.00,585.00,382.00,424.00,848.00,2628.00,1687.00,18.00,230.00,40375.00
59,1121.39,502.00,319.00,269.00,388.00,81.00,1146.00,696.00,305.00,241.00,643.00,921.00,635.00,288.00,1199.00,119.00,441.00,259.00,450.00,605.00,937.00,1643.00,10.00,265.00,29388.00
60,1121.92,541.00,349.00,320.00,425.00,110.00,1176.00,691.00,269.00,229.00,882.00,1312.00,606.00,317.00,1128.00,146.00,386.00,242.00,438.00,579.00,663.00,1716.00,15.00,268.00,12166.00
61,1122.44,519.00,307.00,277.00,407.00,62.00,1108.00,653.00,195.00,170.00,1116.00,1657.00,536.00,285.00,983.00,92.00,347.00,216.00,330.00,527.00,499.00,1656.00,13.00,255.00,4293.00
62,1122.97,594.00,350.00,402.00,516.00,89.00,1170.00,718.00,229.00,196.00,1429.00,1884.00,559.00,323.00,1022.00,161.00,382.00,260.00,304.00,578.00,539.00,1706.00,35.00,231.00,2295.00
63,1123.49,607.00,307.00,415.00,555.00,95.00,1146.00,655.00,187.00,145.00,1459.00,1659.00,525.00,291.00,1034.00,104.00,395.00,266.00,208.00,618.00,471.00,1648.00,6.00,206.00,1512.00
64,1124.02,664.00,344.00,460.00,588.00,118.00,1196.00,702.00,230.00,178.00,1442.00,1410.00,578.00,348.00,1453.00,170.00,465.00,386.00,227.00,754.00,535.00,1693.00,-3.00,175.00,1218.00
65,1124.55,650.00,328.00,418.00,531.00,103.00,1138.00,693.00,195.00,154.00,1244.00,1015.00,623.00,325.00,1950.00,151.00,528.00,1427.00,180.00,885.00,468.00,1638.00,10.00,183.00,983.00
66,1125.07,669.00,302.00,363.00,471.00,79.00,1098.00,658.00,161.00,95.00,1220.00,745.00,730.00,319.00,2036.00,95.00,689.00,5856.00,163.00,1275.00,455.00,1612.00,15.00,178.00,870.00
67,1125.59,708.00,324.00,350.00,476.00,107.00,1038.00,683.00,183.00,113.00,1268.00,571.00,901.00,311.00,1481.00,133.00,1216.00,12173.00,173.00,2319.00,489.00,1573.00,21.00,190.00,735.00
68,1126.12,737.00,323.00,425.00,550.00,88.00,1036.00,668.00,141.00,101.00,1471.00,465.00,1118.00,338.00,1074.00,81.00,3330.00,12576.00,162.00,6549.00,476.00,1559.00,-19.00,249.00,703.00
69,1126.64,732.00,320.00,690.00,905.00,101.00,995.00,660.00,179.00,118.00,1847.00,409.00,1152.00,379.00,918.00,128.00,6441.00,6578.00,189.00,12996.00,516.00,1540.00,-9.00,243.00,650.00
70,1127.17,722.00,306.00,1070.00,1336.00,120.00,965.00,645.00,152.00,109.00,2648.00,363.00,1037.00,391.00,882.00,112.00,7192.00,1554.00,205.00,14899.00,542.00,1522.00,18.00,215.00,608.00
71,1127.69,618.00,268.00,1188.00,1459.00,94.00,897.00,590.00,150.00,106.00,3438.00,331.00,791.00,422.00,795.00,121.00,4298.00,392.00,198.00,8872.00,535.00,1430.00,16.00,186.00,546.00
72,1128.22,596.00,264.00,1177.00,1459.00,92.00,869.00,615.00,155.00,103.00,3897.00,303.00,665.00,529.00,809.00,109.00,1690.00,264.00,165.00,3448.00,572.00,1426.00,10.00,190.00,518.00
73,1128.74,553.00,284.00,1167.00,1418.00,133.00,829.00,565.00,154.00,146.00,3266.00,312.00,606.00,731.00,816.00,136.00,828.00,272.00,177.00,1488.00,541.00,1353.00,19.00,173.00,438.00
74,1129.26,548.00,255.00,1220.00,1509.00,110.00,828.00,531.00,145.00,132.00,2312.00,263.00,554.00,1327.00,782.00,120.00,553.00,225.00,132.00,959.00,550.00,1345.00,25.00,141.00,437.00
75,1129.79,517.00,251.00,1245.00,1506.00,115.00,781.00,528.00,135.00,119.00,1466.00,262.00,527.00,2307.00,733.00,114.00,409.00,213.00,144.00,683.00,525.00,1276.00,34.00,134.00,424.00
76,1130.31,511.00,225.00,1268.00,1559.00,91.00,759.00,491.00,143.00,80.00,1031.00,227.00,585.00,2880.00,759.00,109.00,338.00,229.00,109.00,554.00,502.00,1243.00,35.00,136.00,456.00
77,1130.83,483.00,223.00,1252.00,1537.00,121.00,727.00,442.00,139.00,98.00,781.00,236.00,634.00,2396.00,744.00,113.00,294.00,218.00,121.00,480.00,520.00,1220.00,25.00,127.00,435.00
78,1131.36,498.00,203.00,1120.00,1369.00,104.00,743.00,450.00,142.00,73.00,636.00,241.00,682.00,1613.00,771.00,115.00,262.00,229.00,91.00,411.00,575.00,1211.00,25.00,174.00,412.00
79,1131.88,446.00,194.00,838.00,1044.00,110.00,682.00,422.00,121.00,72.00,500.00,234.00,769.00,1119.00,731.00,128.00,207.00,188.00,103.00,367.00,579.00,1202.00,43.00,353.00,348.00
80,1132.40,474.00,218.00,628.00,796.00,123.00,688.00,469.00,165.00,65.00,452.00,231.00,948.00,1055.00,748.00,145.00,222.00,193.00,99.00,359.00,633.00,1238.00,46.00,636.00,316.00
81,1132.93,424.00,163.00,454.00,573.00,72.00,601.00,430.00,119.00,51.00,363.00,184.00,1064.00,959.00,718.00,106.00,156.00,152.00,90.00,283.00,593.00,1188.00,22.00,631.00,270.00
82,1133.45,451.00,198.00,442.00,582.00,163.00,636.00,527.00,154.00,72.00,375.00,220.00,1428.00,984.00,760.00,104.00,208.00,184.00,89.00,316.00,608.00,1280.00,32.00,409.00,261.00
83,1133.97,415.00,157.00,477.00,603.00,113.00,584.00,547.00,144.00,34.00,285.00,201.00,1872.00,801.00,736.00,125.00,173.00,136.00,82.00,286.00,537.00,1275.00,61.00,197.00,244.00
84,1134.49,400.00,146.00,570.00,751.00,98.00,581.00,596.00,141.00,24.00,248.00,193.00,2733.00,664.00,757.00,94.00,168.00,137.00,65.00,271.00,506.00,1344.00,73.00,141.00,234.00
85,1135.01,398.00,127.00,646.00,806.00,125.00,533.00,665.00,144.00,43.00,237.00,203.00,3737.00,498.00,741.00,110.00,183.00,139.00,105.00,273.00,501.00,1344.00,63.00,98.00,227.00
86,1135.54,430.00,191.00,580.00,753.00,130.00,533.00,783.00,142.00,44.00,243.00,204.00,4776.00,462.00,819.00,142.00,201.00,127.00,82.00,309.00,528.00,1446.00,84.00,110.00,221.00
87,1136.06,389.00,174.00,420.00,540.00,117.00,510.00,810.00,144.00,44.00,186.00,187.00,4619.00,403.00,843.00,99.00,199.00,125.00,82.00,323.00,484.00,1385.00,117.00,117.00,221.00
88,1136.58,393.00,166.00,335.00,444.00,128.00,501.00,919.00,134.00,28.00,159.00,187.00,3723.00,373.00,1018.00,99.00,226.00,131.00,79.00,370.00,503.00,1448.00,223.00,134.00,211.00
89,1137.10,326.00,147.00,294.00,409.00,111.00,500.00,951.00,136.00,23.00,150.00,196.00,2420.00,326.00,1236.00,98.00,266.00,114.00,71.00,421.00,509.00,1444.00,411.00,129.00,194.00
90,1137.62,342.00,137.00,289.00,387.00,122.00,496.00,1025.00,130.00,29.00,155.00,175.00,1594.00,353.00,1466.00,109.00,333.00,95.00,94.00,600.00,523.00,1464.00,697.00,101.00,199.00
91,1138.14,299.00,138.00,262.00,334.00,109.00,474.00,961.00,134.00,53.00,154.00,194.00,1042.00,303.00,1316.00,81.00,513.00,130.00,83.00,809.00,532.00,1363.00,732.00,91.00,190.00
92,1138.66,322.00,181.00,275.00,370.00,139.00,501.00,932.00,156.00,11.00,130.00,171.00,789.00,309.00,1118.00,117.00,912.00,101.00,93.00,1388.00,602.00,1330.00,567.00,96.00,217.00
93,1139.18,305.00,149.00,295.00,365.00,110.00,460.00,842.00,140.00,22.00,119.00,180.00,598.00,295.00,1052.00,109.00,1545.00,118.00,96.00,2333.00,931.00,1237.00,311.00,95.00,234.00
94,1139.70,304.00,166.00,313.00,423.00,144.00,506.00,829.00,178.00,26.00,137.00,194.00,524.00,304.00,1362.00,127.00,2148.00,122.00,126.00,3234.00,2786.00,1160.00,147.00,104.00,269.00
95,1140.22,301.00,180.00,377.00,465.00,143.00,482.00,783.00,173.00,59.00,127.00,174.00,424.00,292.00,1812.00,134.00,2027.00,126.00,134.00,3163.00,7233.00,1092.00,75.00,105.00,248.00
96,1140.74,282.00,166.00,456.00,561.00,131.00,476.00,748.00,133.00,42.00,96.00,186.00,367.00,311.00,2055.00,123.00,1439.00,109.00,109.00,2244.00,11183.00,1061.00,73.00,137.00,230.00
97,1141.26,287.00,177.00,581.00,750.00,120.00,442.00,760.00,168.00,36.00,131.00,198.00,354.00,274.00,1762.00,123.00,839.00,126.00,87.00,1260.00,10976.00,999.00,60.00,226.00,209.00
98,1141.78,306.00,183.00,840.00,1015.00,151.00,472.00,769.00,150.00,46.00,121.00,193.00,294.00,303.00,1467.00,130.00,493.00,124.00,92.00,730.00,8992.00,978.00,60.00,588.00,198.00
99,1142.30,281.00,170.00,930.00,1139.00,124.00,413.00,739.00,145.00,47.00,106.00,176.00,266.00,261.00,1449.00,128.00,331.00,133.00,95.00,471.00,5994.00,919.00,48.00,874.00,192.00
100,1142.82,278.00,125.00,821.00,1046.00,134.00,395.00,714.00,132.00,30.00,108.00,152.00,248.00,259.00,2370.00,112.00,252.00,122.00,67.00,339.00,3565.00,927.00,20.00,878.00,190.00
101,1143.34,271.00,168.00,635.00,777.00,111.00,393.00,692.00,147.00,52.00,112.00,193.00,232.00,265.00,3843.00,117.00,216.00,90.00,74.00,281.00,1302.00,887.00,28.00,503.00,195.00
102,1143.86,273.00,164.00,438.00,556.00,141.00,386.00,683.00,163.00,38.00,96.00,181.00,230.00,262.00,4559.00,122.00,178.00,122.00,100.00,265.00,488.00,886.00,37.00,246.00,220.00
103,1144.37,237.00,151.00,276.00,361.00,93.00,348.00,586.00,109.00,40.00,84.00,151.00,199.00,225.00,3405.00,108.00,144.00,73.00,70.00,216.00,335.00,840.00,16.00,136.00,200.00
104,1144.89,215.00,160.00,240.00,329.00,109.00,349.00,589.00,150.00,41.00,84.00,157.00,205.00,221.00,2029.00,110.00,134.00,102.00,63.00,200.00,281.00,846.00,39.00,99.00,221.00
105,1145.41,237.00,156.00,203.00,306.00,121.00,349.00,586.00,141.00,63.00,82.00,181.00,220.00,246.00,1362.00,116.00,151.00,142.00,85.00,185.00,290.00,852.00,27.00,103.00,192.00
106,1145.93,216.00,186.00,212.00,268.00,126.00,359.00,553.00,146.00,52.00,118.00,176.00,230.00,238.00,1234.00,125.00,166.00,125.00,104.00,192.00,298.00,861.00,26.00,98.00,181.00
107,1146.45,215.00,184.00,245.00,292.00,99.00,348.00,509.00,146.00,54.00,125.00,171.00,232.00,241.00,1209.00,138.00,160.00,139.00,89.00,202.00,293.00,885.00,29.00,103.00,186.00
108,1146.96,223.00,185.00,257.00,332.00,117.00,363.00,482.00,134.00,51.00,106.00,168.00,251.00,216.00,1297.00,152.00,119.00,136.00,98.00,216.00,272.00,925.00,47.00,78.00,190.00
109,1147.48,208.00,173.00,304.00,369.00,93.00,377.00,434.00,117.00,18.00,96.00,156.00,221.00,205.00,1316.00,135.00,128.00,120.00,58.00,179.00,274.00,905.00,56.00,92.00,183.00
110,1148.00,204.00,165.00,256.00,355.00,88.00,376.00,415.00,96.00,32.00,119.00,144.00,220.00,203.00,1448.00,122.00,113.00,109.00,75.00,211.00,272.00,957.00,31.00,82.00,195.00
111,1148.51,231.00,167.00,283.00,380.00,112.00,415.00,432.00,151.00,69.00,179.00,197.00,274.00,248.00,1485.00,172.00,177.00,162.00,125.00,261.00,329.00,1016.00,37.00,68.00,193.00
112,1149.03,195.00,203.00,324.00,430.00,169.00,503.00,477.00,192.00,102.00,247.00,167.00,316.00,226.00,1559.00,205.00,183.00,165.00,123.00,275.00,305.00,1113.00,56.00,92.00,179.00
113,1149.55,179.00,173.00,287.00,394.00,86.00,464.00,413.00,118.00,35.00,168.00,183.00,295.00,208.00,1420.00,161.00,156.00,148.00,99.00,282.00,272.00,1132.00,31.00,82.00,158.00
114,1150.06,198.00,192.00,318.00,410.00,85.00,531.00,458.00,136.00,50.00,186.00,180.00,335.00,238.00,1461.00,215.00,172.00,156.00,106.00,249.00,297.00,1245.00,54.00,119.00,178.00
115,1150.58,196.00,164.00,283.00,395.00,85.00,557.00,428.00,108.00,34.00,164.00,175.00,347.00,206.00,1688.00,302.00,167.00,157.00,92.00,261.00,244.00,1277.00,40.00,143.00,181.00
116,1151.09,228.00,191.00,318.00,381.00,116.00,664.00,485.00,126.00,83.00,212.00,206.00,397.00,221.00,2293.00,1050.00,174.00,185.00,154.00,303.00,280.00,1391.00,17.00,145.00,201.00
117,1151.61,204.00,178.00,281.00,391.00,108.00,745.00,519.00,129.00,73.00,224.00,220.00,442.00,240.00,2509.00,2552.00,213.00,199.00,166.00,333.00,287.00,1444.00,34.00,120.00,184.00
118,1152.13,206.00,189.00,247.00,318.00,98.00,863.00,566.00,130.00,63.00,246.00,188.00,508.00,223.00,2221.00,3191.00,219.00,229.00,164.00,371.00,270.00,1526.00,28.00,106.00,175.00
119,1152.64,211.00,175.00,250.00,333.00,82.00,947.00,635.00,119.00,77.00,279.00,225.00,575.00,219.00,1676.00,2197.00,264.00,404.00,179.00,487.00,277.00,1543.00,20.00,115.00,173.00
120,1153.15,207.00,179.00,247.00,348.00,90.00,1076.00,698.00,122.00,121.00,319.00,211.00,707.00,226.00,1459.00,853.00,316.00,605.00,207.00,685.00,274.00,1558.00,22.00,160.00,167.00
121,1153.67,220.00,210.00,277.00,377.00,126.00,1162.00,757.00,162.00,151.00,388.00,260.00,903.00,247.00,1466.00,332.00,419.00,617.00,280.00,880.00,314.00,1534.00,38.00,204.00,125.00
122,1154.18,181.00,151.00,352.00,460.00,88.00,1223.00,778.00,129.00,186.00,411.00,241.00,1172.00,222.00,1495.00,207.00,525.00,411.00,304.00,973.00,277.00,1496.00,34.00,210.00,146.00
123,1154.70,207.00,191.00,420.00,517.00,116.00,1262.00,738.00,146.00,276.00,446.00,264.00,1538.00,223.00,1423.00,178.00,638.00,336.00,368.00,889.00,292.00,1339.00,43.00,175.00,137.00
124,1155.21,168.00,157.00,451.00,552.00,72.00,1318.00,766.00,131.00,390.00,488.00,265.00,2176.00,216.00,1391.00,144.00,693.00,282.00,371.00,726.00,238.00,1257.00,25.00,117.00,128.00
125,1155.73,168.00,174.00,396.00,497.00,97.00,1345.00,740.00,127.00,495.00,545.00,273.00,3120.00,222.00,1307.00,164.00,715.00,302.00,430.00,580.00,220.00,1133.00,23.00,97.00,130.00
126,1156.24,209.00,159.00,352.00,426.00,104.00,1492.00,806.00,143.00,662.00,694.00,306.00,4677.00,181.00,1241.00,143.00,696.00,371.00,458.00,541.00,213.00,1089.00,28.00,136.00,119.00
127,1156.75,216.00,171.00,271.00,352.00,108.00,1596.00,809.00,148.00,697.00,744.00,333.00,6598.00,212.00,1144.00,140.00,627.00,685.00,498.00,521.00,221.00,1019.00,21.00,219.00,126.00
128,1157.26,195.00,191.00,244.00,316.00,99.00,1805.00,808.00,153.00,648.00,945.00,350.00,10008.00,212.00,1115.00,157.00,606.00,2372.00,602.00,575.00,222.00,973.00,15.00,430.00,110.00
129,1157.78,152.00,142.00,167.00,249.00,100.00,1789.00,757.00,115.00,488.00,1092.00,316.00,14387.00,159.00,1056.00,139.00,514.00,9765.00,643.00,599.00,185.00,885.00,14.00,547.00,104.00
130,1158.29,189.00,180.00,206.00,251.00,94.00,1948.00,850.00,179.00,393.00,1487.00,389.00,17643.00,228.00,1071.00,163.00,535.00,19078.00,802.00,724.00,225.00,902.00,33.00,474.00,113.00
131,1158.80,170.00,139.00,185.00,237.00,83.00,1933.00,830.00,153.00,279.00,1917.00,368.00,14111.00,195.00,1001.00,123.00,518.00,18794.00,853.00,877.00,186.00,839.00,29.00,277.00,119.00
132,1159.31,183.00,159.00,176.00,208.00,99.00,2096.00,877.00,174.00,218.00,3001.00,415.00,8780.00,211.00,1054.00,135.00,631.00,10236.00,1048.00,1253.00,218.00,887.00,37.00,230.00,114.00
133,1159.83,173.00,140.00,147.00,208.00,94.00,2090.00,834.00,163.00,143.00,4709.00,420.00,4384.00,186.00,1037.00,121.00,1042.00,3697.00,1191.00,2298.00,186.00,821.00,33.00,487.00,120.00
134,1160.34,159.00,117.00,112.00,178.00,64.00,2092.00,873.00,160.00,95.00,8429.00,432.00,2522.00,181.00,1095.00,87.00,3012.00,2289.00,1513.00,6979.00,177.00,796.00,22.00,925.00,123.00
135,1160.85,137.00,137.00,127.00,158.00,84.00,1952.00,865.00,140.00,71.00,14257.00,489.00,1648.00,177.00,1166.00,89.00,10265.00,2254.00,1909.00,25803.00,169.00,779.00,21.00,1001.00,120.00
136,1161.36,142.00,130.00,111.00,174.00,78.00,1972.00,881.00,198.00,74.00,22211.00,515.00,1233.00,195.00,1475.00,105.00,17870.00,2033.00,2564.00,47241.00,183.00,826.00,31.00,686.00,130.00
137,1161.87,179.00,143.00,109.00,188.00,83.00,1952.00,914.00,221.00,76.00,23519.00,649.00,988.00,192.00,2311.00,109.00,16395.00,1303.00,3668.00,45303.00,174.00,863.00,49.00,295.00,127.00
138,1162.38,135.00,139.00,123.00,169.00,61.00,1985.00,975.00,209.00,52.00,18238.00,743.00,811.00,186.00,4273.00,114.00,7899.00,683.00,8165.00,22386.00,173.00,895.00,114.00,198.00,129.00
139,1162.89,147.00,116.00,97.00,152.00,58.00,1972.00,974.00,208.00,40.00,10113.00,936.00,671.00,170.00,5874.00,113.00,2311.00,387.00,29295.00,6739.00,185.00,886.00,144.00,148.00,128.00
140,1163.40,125.00,133.00,100.00,170.00,70.00,2083.00,1061.00,242.00,29.00,5570.00,1296.00,609.00,156.00,6025.00,111.00,995.00,332.00,56277.00,3134.00,155.00,926.00,197.00,185.00,139.00
141,1163.91,157.00,134.00,118.00,165.00,73.00,2081.00,1101.00,260.00,45.00,3190.00,1964.00,513.00,164.00,4218.00,99.00,775.00,287.00,56039.00,2631.00,170.00,969.00,204.00,188.00,155.00
142,1164.42,129.00,114.00,112.00,178.00,46.00,2224.00,1184.00,271.00,29.00,2213.00,3913.00,472.00,161.00,2719.00,92.00,817.00,261.00,29104.00,2892.00,172.00,1030.00,187.00,229.00,210.00
143,1164.93,142.00,135.00,113.00,165.00,76.00,2239.00,1302.00,307.00,51.00,1620.00,8300.00,429.00,150.00,1912.00,113.00,848.00,273.00,8196.00,2799.00,178.00,1081.00,135.00,287.00,239.00
144,1165.44,156.00,96.00,128.00,171.00,47.00,2383.00,1457.00,311.00,43.00,1324.00,16404.00,406.00,168.00,1730.00,119.00,831.00,256.00,2996.00,2349.00,175.00,1159.00,92.00,309.00,272.00
145,1165.95,177.00,78.00,153.00,187.00,84.00,2396.00,1670.00,325.00,52.00,1091.00,21202.00,356.00,161.00,1836.00,104.00,653.00,264.00,1826.00,1585.00,169.00,1251.00,89.00,286.00,290.00
146,1166.46,159.00,147.00,165.00,218.00,66.00,2500.00,1977.00,345.00,60.00,969.00,17943.00,343.00,182.00,2054.00,107.00,490.00,273.00,1402.00,1086.00,209.00,1407.00,108.00,317.00,311.00
147,1166.97,145.00,105.00,180.00,229.00,56.00,2448.00,2148.00,331.00,53.00,857.00,9284.00,297.00,145.00,2163.00,107.00,328.00,289.00,1064.00,816.00,180.00,1518.00,100.00,375.00,281.00
148,1167.47,181.00,128.00,211.00,280.00,55.00,2597.00,2474.00,349.00,42.00,791.00,4107.00,280.00,160.00,2580.00,94.00,283.00,287.00,963.00,769.00,235.00,1730.00,132.00,587.00,261.00
149,1167.98,148.00,107.00,251.00,334.00,69.00,2525.00,2607.00,359.00,57.00,705.00,1900.00,242.00,169.00,2765.00,90.00,287.00,247.00,776.00,775.00,187.00,1837.00,142.00,792.00,238.00
150,1168.49,186.00,121.00,388.00,498.00,77.00,2662.00,2874.00,424.00,86.00,664.00,1274.00,247.00,178.00,2691.00,120.00,315.00,242.00,719.00,909.00,230.00,2024.00,198.00,1298.00,267.00
151,1169.00,197.00,121.00,697.00,857.00,66.00,2582.00,2819.00,419.00,56.00,575.00,913.00,219.00,174.00,2163.00,99.00,312.00,184.00,636.00,952.00,199.00,2063.00,247.00,1523.00,268.00
152,1169.50,167.00,94.00,1397.00,1638.00,27.00,2626.00,2884.00,455.00,35.00,540.00,728.00,187.00,144.00,2191.00,60.00,346.00,151.00,653.00,886.00,186.00,2184.00,330.00,1405.00,311.00
153,1170.01,205.00,138.00,1845.00,2210.00,58.00,2577.00,2788.00,570.00,99.00,556.00,650.00,189.00,194.00,3213.00,128.00,379.00,184.00,691.00,807.00,235.00,2262.00,371.00,1084.00,302.00
154,1170.52,164.00,130.00,1735.00,2047.00,56.00,2505.00,2726.00,623.00,90.00,550.00,546.00,208.00,181.00,6232.00,117.00,347.00,190.00,675.00,635.00,273.00,2439.00,392.00,1237.00,337.00
155,1171.02,175.00,131.00,1068.00,1276.00,80.00,2318.00,2561.00,732.00,110.00,521.00,498.00,188.00,191.00,9320.00,112.00,288.00,182.00,595.00,523.00,247.00,2613.00,294.00,1428.00,376.00
156,1171.53,189.00,125.00,609.00,730.00,40.00,2296.00,2662.00,912.00,81.00,572.00,475.00,179.00,168.00,10028.00,98.00,259.00,177.00,487.00,467.00,253.00,3211.00,221.00,1303.00,455.00
157,1172.03,162.00,118.00,467.00,576.00,43.00,2219.00,2727.00,1185.00,87.00,514.00,430.00,149.00,151.00,7051.00,92.00,238.00,186.00,398.00,408.00,282.00,3729.00,159.00,947.00,483.00
158,1172.54,128.00,109.00,486.00,614.00,63.00,2236.00,2923.00,1692.00,119.00,584.00,387.00,170.00,182.00,3807.00,109.00,221.00,208.00,337.00,398.00,304.00,4082.00,143.00,718.00,522.00
159,1173.04,165.00,130.00,538.00,675.00,83.00,2181.00,3027.00,2687.00,135.00,564.00,382.00,170.00,181.00,2055.00,118.00,238.00,236.00,334.00,389.00,322.00,3829.00,112.00,545.00,526.00
160,1173.55,152.00,125.00,530.00,650.00,75.00,2124.00,3045.00,4731.00,138.00,586.00,361.00,190.00,191.00,1418.00,117.00,227.00,239.00,290.00,390.00,390.00,3357.00,108.00,600.00,547.00
161,1174.05,135.00,117.00,423.00,509.00,30.00,1990.00,2892.00,7577.00,121.00,546.00,325.00,156.00,172.00,1107.00,95.00,181.00,185.00,242.00,355.00,343.00,2841.00,96.00,839.00,487.00
162,1174.56,150.00,156.00,339.00,458.00,77.00,1990.00,2919.00,10280.00,163.00,592.00,338.00,192.00,202.00,1046.00,143.00,234.00,216.00,260.00,421.00,421.00,2672.00,81.00,1060.00,432.00
163,1175.06,130.00,111.00,251.00,315.00,60.00,1931.00,2844.00,10042.00,166.00,582.00,302.00,172.00,201.00,949.00,132.00,264.00,188.00,262.00,418.00,394.00,2480.00,63.00,878.00,328.00
164,1175.57,163.00,130.00,223.00,275.00,66.00,2022.00,2952.00,7955.00,217.00,656.00,327.00,175.00,176.00,919.00,107.00,258.00,202.00,267.00,537.00,425.00,2455.00,77.00,579.00,260.00
165,1176.07,145.00,121.00,187.00,245.00,55.00,1973.00,2868.00,4827.00,219.00,713.00,319.00,198.00,171.00,863.00,115.00,318.00,202.00,255.00,597.00,419.00,2319.00,88.00,351.00,210.00
166,1176.57,172.00,152.00,205.00,267.00,89.00,1975.00,2783.00,2849.00,351.00,825.00,348.00,203.00,181.00,884.00,129.00,417.00,197.00,260.00,640.00,495.00,2334.00,72.00,255.00,216.00
167,1177.08,200.00,130.00,266.00,325.00,71.00,1790.00,2502.00,1704.00,489.00,850.00,368.00,207.00,199.00,853.00,147.00,513.00,190.00,282.00,601.00,526.00,2301.00,87.00,219.00,212.00
168,1177.58,205.00,136.00,333.00,448.00,67.00,1669.00,2302.00,1153.00,735.00,845.00,396.00,223.00,183.00,866.00,125.00,625.00,177.00,275.00,497.00,605.00,2340.00,104.00,224.00,222.00
169,1178.08,158.00,111.00,456.00,589.00,54.00,1559.00,2061.00,827.00,1162.00,798.00,424.00,231.00,201.00,866.00,122.00,880.00,174.00,252.00,418.00,770.00,2379.00,110.00,218.00,188.00
170,1178.58,171.00,110.00,627.00,727.00,73.00,1523.00,2016.00,664.00,2893.00,748.00,513.00,259.00,175.00,853.00,112.00,1969.00,179.00,251.00,385.00,1258.00,2491.00,134.00,235.00,176.00
171,1179.08,198.00,113.00,676.00,809.00,78.00,1435.00,1968.00,532.00,8493.00,689.00,608.00,302.00,190.00,849.00,113.00,5141.00,185.00,211.00,383.00,2658.00,2482.00,124.00,210.00,153.00
172,1179.59,207.00,108.00,780.00,906.00,80.00,1428.00,2024.00,448.00,15279.00,616.00,733.00,368.00,196.00,856.00,143.00,8495.00,183.00,188.00,393.00,5291.00,2605.00,162.00,212.00,160.00
173,1180.09,179.00,111.00,765.00,910.00,90.00,1357.00,1989.00,393.00,16501.00,551.00,830.00,436.00,220.00,824.00,136.00,8639.00,173.00,162.00,401.00,7637.00,2512.00,173.00,214.00,178.00
174,1180.59,170.00,109.00,678.00,804.00,104.00,1358.00,1979.00,337.00,11470.00,516.00,987.00,511.00,196.00,849.00,135.00,5887.00,186.00,152.00,454.00,9232.00,2589.00,195.00,233.00,191.00
175,1181.09,140.00,95.00,486.00,566.00,108.00,1299.00,1804.00,281.00,5527.00,427.00,1176.00,597.00,194.00,796.00,138.00,2910.00,225.00,147.00,442.00,10075.00,2501.00,211.00,214.00,188.00
176,1181.59,141.00,109.00,347.00,465.00,108.00,1343.00,1709.00,277.00,2440.00,399.00,1455.00,709.00,229.00,802.00,130.00,1475.00,278.00,143.00,558.00,13353.00,2573.00,246.00,252.00,223.00
177,1182.09,109.00,84.00,335.00,403.00,112.00,1278.00,1533.00,225.00,1078.00,363.00,1609.00,780.00,169.00,744.00,118.00,800.00,307.00,115.00,532.00,29693.00,2513.00,252.00,288.00,213.00
178,1182.59,69.00,114.00,473.00,602.00,148.00,1280.00,1500.00,230.00,654.00,364.00,1778.00,882.00,263.00,810.00,131.00,658.00,381.00,142.00,562.00,48489.00,2583.00,290.00,407.00,193.00
179,1183.09,53.00,128.00,489.00,602.00,143.00,1228.00,1321.00,200.00,495.00,327.00,1883.00,974.00,234.00,822.00,130.00,554.00,498.00,156.00,576.00,47127.00,2497.00,300.00,709.00,174.00
180,1183.59,70.00,49.00,384.00,496.00,133.00,1208.00,1221.00,180.00,345.00,273.00,2197.00,995.00,211.00,872.00,115.00,503.00,709.00,105.00,570.00,25342.00,2470.00,341.00,1198.00,154.00
181,1184.09,72.00,77.00,260.00,348.00,145.00,1189.00,1133.00,165.00,275.00,272.00,2424.00,981.00,227.00,890.00,98.00,474.00,722.00,121.00,619.00,7355.00,2372.00,356.00,1316.00,122.00
182,1184.58,90.00,98.00,208.00,259.00,150.00,1257.00,1145.00,184.00,322.00,255.00,2474.00,997.00,267.00,924.00,126.00,539.00,601.00,151.00,722.00,1940.00,2379.00,421.00,1054.00,115.00
183,1185.08,77.00,82.00,161.00,211.00,200.00,1204.00,1055.00,150.00,271.00,243.00,1990.00,855.00,267.00,931.00,112.00,559.00,368.00,124.00,810.00,1047.00,2276.00,441.00,620.00,101.00
184,1185.58,83.00,81.00,128.00,174.00,184.00,1139.00,1017.00,148.00,240.00,248.00,1403.00,773.00,265.00,1229.00,141.00,626.00,305.00,145.00,957.00,822.00,2381.00,534.00,694.00,116.00
185,1186.08,108.00,127.00,149.00,198.00,236.00,1127.00,1007.00,164.00,249.00,263.00,932.00,769.00,292.00,1875.00,162.00,690.00,323.00,185.00,1133.00,690.00,2482.00,653.00,1231.00,95.00
186,1186.58,88.00,96.00,143.00,186.00,228.00,1120.00,968.00,173.00,229.00,257.00,657.00,736.00,317.00,2421.00,168.00,793.00,376.00,198.00,1351.00,650.00,2716.00,906.00,1685.00,99.00
187,1187.07,102.00,96.00,113.00,174.00,246.00,1076.00,905.00,182.00,209.00,247.00,492.00,777.00,321.00,2269.00,176.00,855.00,409.00,228.00,1417.00,588.00,2654.00,1366.00,1811.00,88.00
188,1187.57,90.00,83.00,157.00,189.00,278.00,1063.00,899.00,173.00,216.00,257.00,434.00,851.00,367.00,1707.00,178.00,916.00,557.00,234.00,1554.00,535.00,2540.00,2522.00,1973.00,93.00
189,1188.07,84.00,107.00,151.00,199.00,315.00,1012.00,838.00,184.00,181.00,249.00,354.00,960.00,394.00,1155.00,189.00,967.00,583.00,280.00,1641.00,508.00,2152.00,4428.00,1814.00,91.00
190,1188.56,95.00,95.00,182.00,226.00,347.00,1008.00,820.00,176.00,212.00,262.00,334.00,1167.00,496.00,954.00,191.00,1175.00,542.00,330.00,1955.00,490.00,1885.00,7030.00,1313.00,81.00
191,1189.06,80.00,66.00,175.00,238.00,354.00,913.00,796.00,155.00,157.00,237.00,272.00,1360.00,542.00,867.00,161.00,1587.00,390.00,337.00,2730.00,439.00,1591.00,17504.00,707.00,87.00
192,1189.55,84.00,66.00,215.00,317.00,420.00,930.00,823.00,222.00,183.00,222.00,253.00,1658.00,755.00,883.00,210.00,2338.00,339.00,439.00,4058.00,450.00,1524.00,42024.00,515.00,95.00
193,1190.05,131.00,92.00,278.00,350.00,528.00,930.00,873.00,241.00,200.00,234.00,243.00,1850.00,1046.00,907.00,233.00,3431.00,293.00,524.00,5860.00,444.00,1459.00,53833.00,462.00,91.00
194,1190.54,110.00,79.00,263.00,328.00,612.00,935.00,919.00,260.00,183.00,237.00,243.00,1887.00,1700.00,960.00,223.00,9862.00,296.00,649.00,17542.00,430.00,1489.00,41794.00,374.00,88.00
195,1191.04,106.00,85.00,274.00,344.00,728.00,901.00,936.00,264.00,194.00,215.00,222.00,1721.00,3068.00,1003.00,249.00,27059.00,331.00,734.00,50606.00,382.00,1478.00,17034.00,311.00,80.00
196,1191.53,122.00,77.00,323.00,403.00,938.00,960.00,1002.00,310.00,194.00,222.00,233.00,1482.00,6058.00,1124.00,263.00,38456.00,369.00,922.00,60954.00,378.00,1482.00,6080.00,263.00,67.00
197,1192.03,133.00,87.00,415.00,497.00,1173.00,957.00,1008.00,326.00,183.00,241.00,194.00,1198.00,10081.00,1254.00,261.00,29632.00,470.00,1154.00,56806.00,385.00,1505.00,2670.00,216.00,80.00
198,1192.52,185.00,99.00,556.00,653.00,1552.00,1013.00,1082.00,396.00,238.00,220.00,223.00,1024.00,12799.00,1419.00,314.00,11871.00,1138.00,1591.00,23209.00,377.00,1617.00,1582.00,242.00,87.00
199,1193.01,165.00,80.00,523.00,661.00,1923.00,989.00,1086.00,420.00,210.00,233.00,193.00,820.00,11079.00,1490.00,355.00,3490.00,4520.00,2120.00,6248.00,372.00,1637.00,1002.00,229.00,82.00
200,1193.51,187.00,91.00,518.00,615.00,2596.00,1056.00,1163.00,475.00,211.00,248.00,195.00,753.00,7217.00,1630.00,407.00,1942.00,10824.00,3245.00,3264.00,377.00,1787.00,770.00,235.00,89.00
201,1194.00,217.00,88.00,412.00,503.00,3353.00,1133.00,1211.00,568.00,258.00,277.00,202.00,693.00,3760.00,1512.00,532.00,2145.00,14394.00,4829.00,3445.00,382.00,1873.00,628.00,239.00,77.00
202,1194.49,186.00,93.00,344.00,433.00,4426.00,1185.00,1295.00,677.00,271.00,305.00,181.00,627.00,2101.00,1336.00,657.00,4690.00,11928.00,6822.00,8139.00,362.00,1909.00,539.00,262.00,85.00
203,1194.98,196.00,91.00,348.00,402.00,5372.00,1229.00,1349.00,784.00,292.00,313.00,198.00,564.00,1362.00,1161.00,853.00,8672.00,5993.00,7850.00,16533.00,348.00,1777.00,505.00,323.00,71.00
204,1195.47,198.00,126.00,585.00,717.00,6283.00,1350.00,1435.00,1004.00,368.00,382.00,222.00,577.00,1063.00,1104.00,1461.00,10376.00,2216.00,7388.00,20699.00,364.00,1703.00,485.00,425.00,82.00
205,1195.96,248.00,132.00,886.00,1059.00,6584.00,1384.00,1455.00,1264.00,417.00,403.00,243.00,532.00,848.00,1079.00,3559.00,7341.00,889.00,5440.00,13943.00,372.00,1594.00,435.00,555.00,84.00
206,1196.46,205.00,105.00,1138.00,1337.00,6532.00,1434.00,1473.00,1666.00,422.00,455.00,209.00,511.00,736.00,1080.00,10406.00,3350.00,590.00,3677.00,5951.00,342.00,1575.00,398.00,807.00,67.00
207,1196.95,196.00,112.00,1055.00,1256.00,5550.00,1414.00,1431.00,2102.00,411.00,499.00,209.00,481.00,633.00,990.00,17901.00,1453.00,563.00,2323.00,2245.00,329.00,1490.00,347.00,1138.00,48.00
208,1197.44,209.00,94.00,879.00,1074.00,4418.00,1461.00,1468.00,2735.00,396.00,642.00,220.00,487.00,592.00,953.00,19638.00,1037.00,588.00,1615.00,1470.00,362.00,1511.00,320.00,1810.00,87.00
209,1197.93,208.00,100.00,704.00,855.00,3132.00,1462.00,1492.00,3186.00,359.00,774.00,254.00,485.00,561.00,911.00,11939.00,853.00,558.00,1176.00,1158.00,349.00,1508.00,285.00,2273.00,80.00
210,1198.42,225.00,127.00,608.00,764.00,2234.00,1595.00,1602.00,3497.00,358.00,1080.00,257.00,515.00,564.00,859.00,5030.00,741.00,452.00,901.00,998.00,392.00,1612.00,261.00,2155.00,66.00
211,1198.91,240.00,120.00,553.00,655.00,1567.00,1645.00,1734.00,3302.00,306.00,1446.00,259.00,512.00,508.00,782.00,1776.00,634.00,359.00,717.00,832.00,409.00,1712.00,249.00,1569.00,66.00
212,1199.39,268.00,124.00,498.00,586.00,1241.00,1784.00,1979.00,2933.00,268.00,2070.00,286.00,580.00,476.00,777.00,938.00,567.00,305.00,584.00,796.00,445.00,1946.00,243.00,1120.00,68.00
213,1199.88,285.00,119.00,418.00,543.00,986.00,1806.00,2115.00,2344.00,217.00,2736.00,267.00,610.00,466.00,703.00,604.00,509.00,268.00,479.00,712.00,487.00,2157.00,207.00,932.00,62.00
214,1200.37,309.00,147.00,459.00,550.00,917.00,1882.00,2299.00,2038.00,243.00,3426.00,334.00,738.00,489.00,761.00,551.00,525.00,253.00,452.00,727.00,668.00,2453.00,202.00,835.00,85.00
215,1200.86,299.00,126.00,479.00,563.00,797.00,1772.00,2240.00,1741.00,224.00,3420.00,354.00,896.00,459.00,745.00,464.00,498.00,243.00,356.00,700.00,797.00,2475.00,196.00,671.00,73.00
216,1201.35,269.00,121.00,490.00,605.00,753.00,1765.00,2272.00,1697.00,173.00,2918.00,393.00,1181.00,424.00,721.00,388.00,488.00,204.00,311.00,743.00,1052.00,2527.00,221.00,540.00,65.00
217,1201.83,265.00,142.00,534.00,665.00,739.00,1734.00,2294.00,1727.00,190.00,2095.00,435.00,1660.00,436.00,730.00,349.00,543.00,211.00,305.00,821.00,1408.00,2456.00,215.00,449.00,73.00
218,1202.32,235.00,137.00,620.00,716.00,721.00,1736.00,2343.00,1883.00,183.00,1492.00,530.00,2731.00,382.00,755.00,324.00,577.00,220.00,279.00,960.00,2200.00,2501.00,223.00,404.00,78.00
219,1202.81,210.00,111.00,641.00,775.00,718.00,1608.00,2120.00,2044.00,173.00,1058.00,558.00,4511.00,363.00,721.00,281.00,584.00,171.00,194.00,937.00,3287.00,2416.00,184.00,383.00,80.00
220,1203.29,220.00,135.00,704.00,838.00,758.00,1545.00,1981.00,2428.00,153.00,875.00,659.00,6389.00,397.00,783.00,289.00,614.00,195.00,235.00,940.00,4381.00,2382.00,186.00,399.00,52.00
221,1203.78,191.00,131.00,669.00,813.00,734.00,1358.00,1661.00,2748.00,152.00,714.00,760.00,6361.00,356.00,758.00,222.00,473.00,191.00,209.00,763.00,4191.00,2190.00,167.00,441.00,45.00
222,1204.27,158.00,129.00,629.00,773.00,812.00,1299.00,1440.00,3220.00,160.00,675.00,933.00,4850.00,348.00,822.00,246.00,426.00,197.00,209.00,683.00,3176.00,2035.00,185.00,571.00,74.00
223,1204.75,217.00,144.00,597.00,714.00,843.00,1150.00,1233.00,3392.00,156.00,607.00,1104.00,2871.00,330.00,1004.00,205.00,370.00,214.00,199.00,590.00,1862.00,1795.00,154.00,830.00,74.00
224,1205.23,183.00,104.00,554.00,696.00,890.00,1048.00,1091.00,3338.00,110.00,544.00,1343.00,1797.00,304.00,1366.00,208.00,337.00,195.00,195.00,594.00,1116.00,1596.00,125.00,1627.00,65.00
225,1205.72,205.00,126.00,607.00,751.00,941.00,960.00,1032.00,2838.00,115.00,485.00,1623.00,1269.00,297.00,1756.00,187.00,342.00,215.00,197.00,595.00,833.00,1404.00,140.00,2263.00,61.00
226,1206.20,256.00,85.00,645.00,781.00,1011.00,915.00,1072.00,2369.00,122.00,433.00,1964.00,1048.00,298.00,2033.00,174.00,376.00,242.00,209.00,617.00,875.00,1348.00,152.00,2352.00,57.00
227,1206.69,254.00,131.00,644.00,773.00,1004.00,847.00,1193.00,1871.00,112.00,412.00,2161.00,847.00,265.00,1773.00,174.00,351.00,221.00,197.00,598.00,1147.00,1228.00,123.00,1579.00,73.00
228,1207.17,334.00,129.00,723.00,885.00,1086.00,860.00,1440.00,1657.00,151.00,382.00,2388.00,761.00,312.00,1424.00,187.00,336.00,259.00,215.00,636.00,1821.00,1190.00,147.00,914.00,70.00
229,1207.65,283.00,113.00,834.00,1029.00,1001.00,788.00,1627.00,1394.00,87.00,346.00,2330.00,599.00,255.00,1053.00,143.00,317.00,216.00,181.00,573.00,2738.00,1096.00,136.00,623.00,68.00
230,1208.14,362.00,111.00,1063.00,1292.00,1028.00,817.00,1796.00,1335.00,112.00,319.00,2379.00,558.00,277.00,977.00,155.00,355.00,190.00,180.00,611.00,4117.00,1082.00,153.00,569.00,72.00
231,1208.62,370.00,85.00,1263.00,1486.00,930.00,795.00,1663.00,1202.00,91.00,274.00,2482.00,487.00,275.00,924.00,142.00,328.00,175.00,149.00,631.00,5144.00,1023.00,176.00,545.00,66.00
232,1209.10,419.00,130.00,1410.00,1664.00,910.00,852.00,1482.00,1153.00,115.00,333.00,2848.00,514.00,320.00,992.00,186.00,404.00,263.00,206.00,718.00,5239.00,1002.00,195.00,559.00,67.00
233,1209.58,369.00,87.00,1252.00,1498.00,796.00,811.00,1070.00,939.00,67.00,259.00,3051.00,442.00,278.00,866.00,115.00,368.00,181.00,156.00,763.00,3847.00,840.00,230.00,570.00,67.00
234,1210.06,346.00,88.00,1018.00,1236.00,791.00,878.00,812.00,847.00,89.00,245.00,3215.00,431.00,287.00,845.00,129.00,454.00,207.00,176.00,925.00,2239.00,821.00,223.00,574.00,72.00
235,1210.54,334.00,111.00,761.00,928.00,743.00,951.00,680.00,692.00,107.00,262.00,2993.00,467.00,314.00,791.00,145.00,524.00,316.00,217.00,1059.00,1222.00,785.00,266.00,577.00,75.00
236,1211.02,280.00,90.00,558.00,689.00,708.00,999.00,617.00,648.00,93.00,266.00,2588.00,445.00,311.00,793.00,145.00,630.00,812.00,248.00,1288.00,908.00,783.00,329.00,629.00,78.00
237,1211.50,221.00,62.00,380.00,451.00,681.00,1009.00,590.00,559.00,84.00,251.00,2034.00,436.00,304.00,750.00,105.00,728.00,2506.00,234.00,1591.00,810.00,749.00,383.00,660.00,58.00
238,1211.98,228.00,67.00,311.00,379.00,704.00,1068.00,623.00,515.00,76.00,248.00,1702.00,469.00,328.00,807.00,121.00,989.00,4315.00,320.00,2251.00,817.00,759.00,428.00,730.00,70.00
239,1212.46,210.00,90.00,259.00,346.00,684.00,1081.00,621.00,461.00,93.00,263.00,1493.00,532.00,362.00,831.00,143.00,1375.00,4450.00,478.00,3374.00,705.00,774.00,488.00,826.00,60.00
240,1212.94,193.00,87.00,318.00,407.00,736.00,1119.00,631.00,446.00,82.00,275.00,1484.00,591.00,398.00,886.00,133.00,2014.00,3121.00,851.00,5210.00,583.00,822.00,555.00,1052.00,74.00
241,1213.42,168.00,77.00,393.00,514.00,701.00,1079.00,640.00,393.00,64.00,229.00,1472.00,659.00,391.00,953.00,88.00,2564.00,1861.00,1515.00,6457.00,480.00,801.00,610.00,1474.00,73.00
242,1213.90,166.00,73.00,524.00,685.00,683.00,1102.00,654.00,363.00,65.00,280.00,1652.00,791.00,436.00,1186.00,117.00,2802.00,1778.00,1860.00,6634.00,427.00,816.00,733.00,2247.00,60.00
243,1214.38,180.00,56.00,610.00,723.00,670.00,1039.00,645.00,323.00,81.00,258.00,1764.00,958.00,478.00,2106.00,115.00,2416.00,2094.00,1454.00,5339.00,376.00,803.00,907.00,2800.00,72.00
244,1214.85,159.00,87.00,583.00,753.00,667.00,1044.00,674.00,311.00,64.00,293.00,1873.00,1210.00,540.00,4414.00,142.00,1976.00,2854.00,756.00,4192.00,364.00,796.00,1261.00,3137.00,57.00
245,1215.33,131.00,60.00,489.00,607.00,594.00,978.00,611.00,283.00,61.00,328.00,1727.00,1429.00,573.00,6039.00,77.00,1634.00,3107.00,348.00,3543.00,308.00,774.00,1877.00,4032.00,76.00
246,1215.81,125.00,67.00,474.00,571.00,554.00,975.00,669.00,273.00,87.00,335.00,1507.00,1581.00,670.00,5734.00,116.00,1734.00,2621.00,241.00,4005.00,336.00,778.00,2906.00,8779.00,56.00
247,1216.28,124.00,45.00,392.00,502.00,507.00,897.00,613.00,249.00,62.00,370.00,1144.00,1531.00,710.00,3440.00,107.00,2009.00,1406.00,199.00,5126.00,319.00,773.00,3823.00,18261.00,66.00
248,1216.76,105.00,73.00,289.00,371.00,473.00,884.00,593.00,244.00,74.00,399.00,899.00,1407.00,707.00,1744.00,117.00,2624.00,575.00,175.00,6466.00,293.00,808.00,4359.00,27618.00,78.00
249,1217.24,114.00,72.00,238.00,286.00,400.00,823.00,554.00,240.00,80.00,417.00,720.00,1179.00,684.00,1183.00,115.00,2839.00,316.00,154.00,6540.00,294.00,831.00,3819.00,26948.00,57.00
250,1217.71,82.00,54.00,165.00,215.00,396.00,800.00,532.00,234.00,67.00,466.00,613.00,1005.00,645.00,1085.00,99.00,2563.00,272.00,143.00,5544.00,253.00,856.00,2859.00,18652.00,66.00
251,1218.19,105.00,45.00,121.00,183.00,343.00,747.00,506.00,198.00,32.00,505.00,513.00,808.00,531.00,1038.00,85.00,1854.00,210.00,128.00,4004.00,262.00,858.00,1856.00,9765.00,71.00
252,1218.66,105.00,44.00,161.00,193.00,338.00,784.00,536.00,201.00,74.00,550.00,473.00,751.00,452.00,1071.00,104.00,1408.00,216.00,134.00,3272.00,262.00,954.00,1263.00,4712.00,70.00
253,1219.13,97.00,56.00,162.00,216.00,320.00,759.00,522.00,195.00,67.00,655.00,444.00,686.00,414.00,1062.00,93.00,1164.00,204.00,132.00,2935.00,260.00,950.00,882.00,2724.00,67.00
254,1219.61,112.00,78.00,211.00,251.00,310.00,820.00,536.00,225.00,60.00,766.00,401.00,717.00,344.00,1090.00,129.00,1297.00,220.00,156.00,3222.00,284.00,1010.00,673.00,4185.00,67.00
255,1220.08,72.00,39.00,235.00,296.00,281.00,748.00,530.00,209.00,65.00,826.00,336.00,645.00,257.00,1071.00,75.00,1766.00,170.00,135.00,4100.00,227.00,961.00,510.00,9689.00,55.00
256,1220.55,113.00,66.00,312.00,374.00,275.00,807.00,537.00,222.00,57.00,1038.00,342.00,746.00,253.00,1225.00,122.00,3244.00,197.00,174.00,7890.00,255.00,1006.00,432.00,15825.00,61.00
257,1221.03,101.00,56.00,345.00,428.00,260.00,806.00,554.00,233.00,75.00,1239.00,337.00,719.00,213.00,1359.00,92.00,6160.00,187.00,177.00,16211.00,229.00,1020.00,358.00,16339.00,81.00
258,1221.50,118.00,91.00,382.00,468.00,273.00,866.00,605.00,231.00,96.00,1608.00,354.00,749.00,225.00,1621.00,133.00,8913.00,199.00,274.00,23883.00,257.00,1117.00,336.00,11243.00,52.00
259,1221.97,109.00,65.00,336.00,407.00,211.00,825.00,583.00,219.00,60.00,2057.00,290.00,686.00,180.00,1871.00,85.00,8480.00,160.00,245.00,21172.00,216.00,1121.00,297.00,5180.00,50.00
260,1222.44,110.00,51.00,319.00,362.00,257.00,857.00,605.00,250.00,97.00,2775.00,303.00,653.00,194.00,2320.00,121.00,5534.00,176.00,286.00,11960.00,231.00,1246.00,283.00,2559.00,60.00
261,1222.91,110.00,81.00,276.00,345.00,231.00,855.00,638.00,257.00,93.00,3372.00,263.00,633.00,170.00,2729.00,108.00,2364.00,190.00,340.00,4707.00,188.00,1279.00,223.00,1728.00,66.00
262,1223.38,105.00,51.00,283.00,334.00,213.00,906.00,649.00,270.00,71.00,3789.00,277.00,580.00,138.00,3275.00,112.00,1085.00,183.00,348.00,2197.00,198.00,1333.00,206.00,1511.00,63.00
263,1223.85,114.00,52.00,307.00,407.00,221.00,908.00,683.00,305.00,91.00,3533.00,285.00,577.00,165.00,3736.00,110.00,668.00,208.00,438.00,1415.00,190.00,1440.00,169.00,1391.00,63.00
264,1224.32,92.00,51.00,404.00,512.00,203.00,934.00,707.00,296.00,86.00,2960.00,247.00,590.00,155.00,4728.00,66.00,523.00,253.00,467.00,1121.00,172.00,1571.00,148.00,1407.00,64.00
265,1224.79,133.00,77.00,550.00,669.00,165.00,964.00,766.00,337.00,90.00,2253.00,255.00,651.00,132.00,6538.00,122.00,453.00,341.00,553.00,965.00,169.00,1734.00,118.00,1438.00,44.00
266,1225.26,113.00,54.00,648.00,847.00,199.00,982.00,810.00,351.00,82.00,1675.00,239.00,679.00,112.00,8888.00,100.00,407.00,419.00,654.00,865.00,149.00,1987.00,117.00,1466.00,68.00
267,1225.73,133.00,87.00,776.00,932.00,173.00,1014.00,850.00,409.00,107.00,1281.00,245.00,740.00,123.00,9481.00,102.00,395.00,647.00,849.00,849.00,156.00,2276.00,104.00,1266.00,62.00
268,1226.20,91.00,49.00,731.00,923.00,182.00,1066.00,938.00,398.00,110.00,1040.00,231.00,839.00,112.00,8001.00,91.00,346.00,1128.00,1016.00,830.00,150.00,2632.00,109.00,1043.00,52.00
269,1226.66,131.00,80.00,643.00,756.00,203.00,1135.00,1018.00,453.00,116.00,889.00,258.00,1037.00,131.00,5308.00,95.00,380.00,1397.00,1303.00,846.00,171.00,3112.00,89.00,812.00,57.00
270,1227.13,107.00,44.00,481.00,595.00,181.00,1171.00,1080.00,501.00,86.00,770.00,242.00,1288.00,95.00,3552.00,81.00,362.00,1177.00,1681.00,847.00,156.00,3676.00,87.00,686.00,61.00
271,1227.60,130.00,68.00,381.00,491.00,176.00,1213.00,1127.00,560.00,124.00,703.00,240.00,1545.00,93.00,3064.00,117.00,379.00,634.00,2241.00,757.00,166.00,4241.00,82.00,596.00,57.00
272,1228.06,128.00,51.00,351.00,425.00,191.00,1318.00,1274.00,627.00,117.00,673.00,271.00,1858.00,126.00,3486.00,107.00,379.00,279.00,3182.00,708.00,165.00,5099.00,79.00,587.00,56.00
273,1228.53,104.00,56.00,338.00,425.00,157.00,1320.00,1283.00,683.00,125.00,576.00,265.00,1949.00,61.00,3699.00,98.00,333.00,173.00,4579.00,563.00,155.00,5690.00,82.00,614.00,60.00
274,1229.00,159.00,95.00,423.00,500.00,176.00,1470.00,1417.00,825.00,154.00,575.00,282.00,1951.00,122.00,3523.00,122.00,363.00,193.00,7044.00,548.00,151.00,6547.00,75.00,692.00,52.00
275,1229.46,165.00,84.00,421.00,546.00,200.00,1529.00,1498.00,1003.00,182.00,588.00,287.00,1717.00,114.00,2751.00,162.00,335.00,270.00,9922.00,523.00,160.00,7086.00,67.00,813.00,54.00
276,1229.92,149.00,87.00,378.00,475.00,170.00,1589.00,1571.00,1228.00,168.00,521.00,309.00,1420.00,88.00,2238.00,117.00,312.00,317.00,12210.00,498.00,152.00,7492.00,47.00,947.00,65.00
277,1230.39,126.00,56.00,328.00,453.00,156.00,1639.00,1625.00,1504.00,188.00,523.00,314.00,1171.00,83.00,2310.00,137.00,335.00,463.00,11853.00,489.00,132.00,7320.00,42.00,929.00,70.00
278,1230.85,120.00,109.00,345.00,416.00,190.00,1762.00,1775.00,1816.00,211.00,524.00,329.00,1012.00,104.00,3247.00,190.00,330.00,650.00,9808.00,506.00,114.00,6960.00,65.00,863.00,45.00
279,1231.32,144.00,119.00,328.00,417.00,177.00,1792.00,1846.00,1972.00,204.00,489.00,394.00,864.00,103.00,4452.00,253.00,354.00,671.00,6979.00,502.00,135.00,6093.00,40.00,740.00,53.00
280,1231.78,110.00,82.00,340.00,389.00,167.00,1892.00,2009.00,1976.00,212.00,504.00,398.00,777.00,100.00,5272.00,250.00,337.00,575.00,5006.00,493.00,111.00,5488.00,43.00,799.00,58.00
281,1232.24,120.00,110.00,305.00,379.00,177.00,1989.00,2171.00,1790.00,250.00,502.00,463.00,707.00,103.00,4825.00,331.00,366.00,415.00,3650.00,512.00,127.00,4898.00,56.00,1051.00,65.00
282,1232.70,121.00,99.00,277.00,340.00,204.00,2180.00,2419.00,1519.00,264.00,520.00,520.00,678.00,86.00,3610.00,390.00,397.00,304.00,2825.00,514.00,108.00,4593.00,29.00,1875.00,72.00
283,1233.17,123.00,134.00,244.00,289.00,202.00,2320.00,2649.00,1248.00,275.00,523.00,571.00,637.00,116.00,2389.00,460.00,408.00,272.00,2213.00,501.00,120.00,4393.00,56.00,3251.00,69.00
284,1233.63,99.00,132.00,208.00,252.00,183.00,2638.00,3067.00,1030.00,304.00,545.00,623.00,603.00,88.00,1781.00,433.00,398.00,224.00,1816.00,501.00,126.00,4429.00,30.00,4242.00,61.00
285,1234.09,105.00,117.00,174.00,204.00,186.00,3007.00,3685.00,890.00,303.00,544.00,682.00,575.00,92.00,1551.00,388.00,389.00,219.00,1513.00,506.00,94.00,4630.00,51.00,3957.00,48.00
286,1234.55,103.00,144.00,216.00,261.00,219.00,3559.00,4617.00,814.00,345.00,580.00,783.00,630.00,116.00,1512.00,362.00,442.00,242.00,1314.00,545.00,112.00,5139.00,64.00,2971.00,60.00
287,1235.01,127.00,124.00,208.00,259.00,228.00,3894.00,5350.00,698.00,341.00,577.00,819.00,610.00,107.00,1513.00,292.00,471.00,233.00,1123.00,582.00,124.00,5400.00,44.00,2120.00,62.00
288,1235.47,128.00,152.00,198.00,267.00,239.00,4189.00,5925.00,677.00,385.00,605.00,913.00,628.00,86.00,1573.00,226.00,505.00,228.00,1019.00,703.00,94.00,5721.00,60.00,2067.00,60.00
289,1235.93,122.00,133.00,208.00,277.00,235.00,4039.00,5786.00,622.00,410.00,615.00,951.00,623.00,92.00,1649.00,203.00,580.00,222.00,904.00,800.00,116.00,5444.00,51.00,2261.00,61.00
290,1236.39,97.00,141.00,201.00,226.00,212.00,3811.00,5356.00,578.00,416.00,637.00,962.00,632.00,72.00,1836.00,144.00,602.00,206.00,828.00,947.00,74.00,5052.00,59.00,3030.00,45.00
291,1236.84,138.00,150.00,212.00,255.00,230.00,3437.00,4627.00,567.00,461.00,681.00,995.00,677.00,56.00,2252.00,156.00,670.00,225.00,773.00,1055.00,100.00,4440.00,51.00,4352.00,50.00
292,1237.30,129.00,170.00,210.00,289.00,261.00,3169.00,3973.00,556.00,503.00,712.00,1046.00,682.00,106.00,3353.00,134.00,769.00,262.00,759.00,1124.00,103.00,3903.00,34.00,6008.00,46.00
293,1237.76,158.00,167.00,240.00,326.00,264.00,2858.00,3281.00,535.00,521.00,721.00,1032.00,728.00,89.00,5445.00,130.00,803.00,285.00,739.00,1029.00,138.00,3421.00,40.00,6805.00,65.00
294,1238.22,147.00,145.00,336.00,393.00,264.00,2686.00,2823.00,557.00,550.00,762.00,1041.00,736.00,95.00,8462.00,138.00,808.00,276.00,757.00,965.00,85.00,3101.00,51.00,6586.00,45.00
295,1238.67,147.00,145.00,399.00,456.00,274.00,2452.00,2342.00,515.00,592.00,778.00,1043.00,766.00,86.00,10438.00,123.00,791.00,282.00,754.00,936.00,114.00,2699.00,43.00,5171.00,38.00
296,1239.13,144.00,153.00,430.00,541.00,277.00,2349.00,2042.00,517.00,649.00,845.00,1069.00,835.00,74.00,10754.00,117.00,832.00,348.00,806.00,1080.00,72.00,2457.00,46.00,3974.00,51.00
297,1239.58,186.00,139.00,445.00,532.00,304.00,2259.00,1760.00,515.00,702.00,870.00,1133.00,910.00,84.00,8944.00,116.00,910.00,415.00,901.00,1271.00,94.00,2154.00,42.00,3797.00,50.00
298,1240.04,156.00,166.00,390.00,495.00,302.00,2251.00,1617.00,519.00,753.00,901.00,1247.00,1023.00,87.00,6547.00,130.00,995.00,609.00,1035.00,1386.00,95.00,1887.00,39.00,4954.00,34.00
299,1240.49,180.00,156.00,372.00,462.00,319.00,2265.00,1483.00,506.00,813.00,945.00,1430.00,1161.00,94.00,4471.00,111.00,1011.00,828.00,1197.00,1311.00,93.00,1663.00,37.00,5270.00,44.00
300,1240.95,156.00,134.00,359.00,460.00,316.00,2302.00,1456.00,525.00,879.00,1000.00,1674.00,1335.00,78.00,3201.00,118.00,1048.00,969.00,1495.00,1127.00,102.00,1562.00,23.00,4318.00,52.00
301,1241.40,172.00,152.00,455.00,550.00,335.00,2284.00,1414.00,519.00,932.00,1142.00,1840.00,1506.00,116.00,2486.00,113.00,1024.00,972.00,1863.00,955.00,108.00,1511.00,36.00,2432.00,43.00
302,1241.85,182.00,170.00,589.00,690.00,369.00,2348.00,1395.00,530.00,1031.00,1267.00,1881.00,1661.00,92.00,2126.00,118.00,1009.00,999.00,2335.00,887.00,92.00,1494.00,51.00,1310.00,46.00
303,1242.31,167.00,140.00,625.00,795.00,378.00,2301.00,1342.00,522.00,1068.00,1414.00,1702.00,1625.00,104.00,1902.00,127.00,1007.00,934.00,2581.00,855.00,89.00,1438.00,37.00,861.00,57.00
304,1242.76,176.00,129.00,688.00,826.00,408.00,2335.00,1302.00,536.00,1201.00,1645.00,1470.00,1573.00,93.00,1883.00,130.00,1087.00,959.00,2558.00,891.00,90.00,1443.00,33.00,720.00,55.00
305,1243.21,185.00,139.00,620.00,739.00,403.00,2297.00,1263.00,567.00,1344.00,1938.00,1263.00,1433.00,118.00,1933.00,130.00,1176.00,944.00,2228.00,947.00,123.00,1442.00,40.00,619.00,48.00
306,1243.66,202.00,129.00,531.00,626.00,418.00,2318.00,1231.00,572.00,1519.00,2130.00,1105.00,1374.00,81.00,2129.00,131.00,1339.00,915.00,1801.00,1009.00,90.00,1364.00,40.00,536.00,50.00
307,1244.11,196.00,158.00,490.00,601.00,452.00,2281.00,1271.00,611.00,1782.00,2140.00,1036.00,1306.00,99.00,2444.00,127.00,1516.00,861.00,1418.00,1134.00,113.00,1355.00,34.00,494.00,51.00
308,1244.57,209.00,110.00,492.00,630.00,470.00,2190.00,1266.00,603.00,2151.00,2056.00,1009.00,1270.00,82.00,2996.00,141.00,1823.00,859.00,1076.00,1271.00,85.00,1371.00,53.00,488.00,46.00
309,1245.02,201.00,110.00,601.00,737.00,505.00,2098.00,1290.00,644.00,2774.00,1909.00,1001.00,1246.00,91.00,3730.00,136.00,2258.00,1102.00,895.00,1552.00,90.00,1388.00,72.00,475.00,52.00
310,1245.46,223.00,102.00,625.00,776.00,508.00,1950.00,1345.00,668.00,3775.00,1849.00,973.00,1284.00,89.00,4678.00,117.00,3112.00,1555.00,756.00,1910.00,107.00,1409.00,83.00,507.00,49.00
311,1245.91,220.00,104.00,605.00,758.00,528.00,1744.00,1315.00,718.00,5213.00,1803.00,960.00,1344.00,103.00,5377.00,172.00,4238.00,2063.00,666.00,2588.00,104.00,1397.00,61.00,551.00,41.00
312,1246.36,198.00,108.00,571.00,690.00,538.00,1530.00,1280.00,768.00,6696.00,1835.00,917.00,1453.00,73.00,5503.00,127.00,5446.00,3834.00,604.00,3995.00,72.00,1352.00,80.00,675.00,73.00
313,1246.81,197.00,105.00,559.00,667.00,550.00,1330.00,1187.00,776.00,7106.00,1813.00,893.00,1525.00,59.00,4750.00,132.00,6172.00,12300.00,575.00,6165.00,83.00,1267.00,45.00,753.00,90.00
314,1247.26,183.00,126.00,546.00,668.00,594.00,1234.00,1163.00,909.00,6587.00,1924.00,1004.00,1730.00,78.00,3849.00,157.00,6642.00,36654.00,607.00,8007.00,96.00,1251.00,54.00,782.00,47.00
315,1247.71,175.00,124.00,510.00,596.00,595.00,1018.00,1058.00,927.00,5191.00,1956.00,1050.00,1754.00,81.00,2826.00,151.00,6136.00,47294.00,575.00,7632.00,79.00,1128.00,39.00,661.00,43.00
316,1248.15,178.00,147.00,433.00,527.00,671.00,893.00,1021.00,1005.00,4173.00,2064.00,1133.00,1803.00,112.00,2245.00,199.00,5356.00,39946.00,622.00,5788.00,127.00,1161.00,19.00,500.00,52.00
317,1248.60,176.00,155.00,362.00,435.00,671.00,738.00,960.00,982.00,3452.00,2159.00,1127.00,1793.00,92.00,1800.00,185.00,4104.00,15919.00,613.00,3671.00,83.00,1140.00,16.00,384.00,44.00
318,1249.05,165.00,177.00,306.00,389.00,691.00,693.00,963.00,1016.00,3078.00,2308.00,1172.00,1890.00,85.00,1545.00,209.00,3222.00,3031.00,643.00,2637.00,95.00,1219.00,32.00,378.00,57.00
319,1249.49,158.00,229.00,292.00,358.00,711.00,631.00,971.00,1011.00,2800.00,2383.00,1185.00,1964.00,99.00,1336.00,237.00,2711.00,1044.00,657.00,1980.00,117.00,1297.00,41.00,337.00,52.00
320,1249.94,171.00,324.00,281.00,358.00,766.00,613.00,1020.00,1076.00,2759.00,2602.00,1278.00,2226.00,91.00,1275.00,258.00,2543.00,742.00,704.00,1681.00,110.00,1449.00,38.00,334.00,60.00
321,1250.38,142.00,445.00,264.00,337.00,753.00,606.00,1045.00,1088.00,2664.00,2768.00,1382.00,2435.00,94.00,1162.00,294.00,2365.00,585.00,761.00,1441.00,109.00,1529.00,78.00,326.00,43.00
322,1250.82,122.00,523.00,264.00,323.00,788.00,627.00,1095.00,1163.00,2729.00,3070.00,1491.00,2853.00,85.00,1108.00,308.00,2282.00,540.00,836.00,1337.00,88.00,1629.00,126.00,333.00,43.00
323,1251.27,161.00,582.00,327.00,412.00,869.00,667.00,1189.00,1235.00,2753.00,3366.00,1636.00,3271.00,125.00,1107.00,400.00,2243.00,521.00,944.00,1312.00,126.00,1640.00,171.00,346.00,56.00
324,1251.71,136.00,444.00,327.00,410.00,854.00,655.00,1306.00,1278.00,2783.00,3779.00,1704.00,3869.00,99.00,1042.00,379.00,2216.00,479.00,1066.00,1282.00,88.00,1604.00,184.00,361.00,52.00
325,1252.15,127.00,383.00,340.00,432.00,874.00,720.00,1517.00,1364.00,2809.00,4216.00,1789.00,4543.00,102.00,1027.00,453.00,2226.00,492.00,1267.00,1332.00,110.00,1717.00,134.00,358.00,50.00
326,1252.60,126.00,329.00,364.00,463.00,924.00,822.00,1868.00,1476.00,2866.00,4860.00,1845.00,5271.00,133.00,1071.00,458.00,2273.00,496.00,1538.00,1401.00,104.00,1946.00,65.00,373.00,59.00
327,1253.04,110.00,271.00,343.00,440.00,924.00,866.00,2207.00,1536.00,2818.00,5341.00,1827.00,5770.00,76.00,1048.00,438.00,2237.00,463.00,1812.00,1460.00,94.00,2223.00,56.00,369.00,39.00
328,1253.48,108.00,237.00,385.00,451.00,953.00,1011.00,2595.00,1644.00,2819.00,5977.00,1859.00,6097.00,101.00,1099.00,456.00,2253.00,456.00,2284.00,1593.00,75.00,2536.00,32.00,402.00,43.00
329,1253.92,106.00,259.00,392.00,487.00,990.00,1224.00,2883.00,1724.00,2790.00,6407.00,1880.00,6067.00,99.00,1145.00,436.00,2293.00,463.00,2876.00,1712.00,83.00,2852.00,-1.00,379.00,45.00
330,1254.36,91.00,235.00,391.00,506.00,1060.00,1622.00,3245.00,1839.00,2816.00,6753.00,1898.00,5851.00,92.00,1220.00,393.00,2376.00,437.00,3568.00,1890.00,82.00,3315.00,14.00,420.00,59.00
331,1254.80,91.00,194.00,385.00,485.00,1085.00,2295.00,3779.00,1964.00,2758.00,6850.00,1907.00,5489.00,124.00,1250.00,353.00,2412.00,449.00,4185.00,2054.00,75.00,3952.00,13.00,433.00,53.00
332,1255.24,110.00,238.00,425.00,467.00,1207.00,3577.00,4923.00,2141.00,2851.00,7021.00,2015.00,5310.00,123.00,1340.00,351.00,2564.00,537.00,4993.00,2276.00,96.00,5177.00,26.00,494.00,42.00
333,1255.68,133.00,215.00,416.00,455.00,1284.00,5281.00,6430.00,2339.00,2870.00,6940.00,2103.00,5067.00,120.00,1407.00,295.00,2687.00,670.00,5891.00,2432.00,101.00,6659.00,36.00,548.00,13.00
334,1256.11,93.00,188.00,409.00,515.00,1396.00,7147.00,8182.00,2590.00,2951.00,6839.00,2258.00,4952.00,103.00,1439.00,297.00,2830.00,955.00,7497.00,2573.00,51.00,8250.00,11.00,689.00,61.00
335,1256.55,82.00,142.00,374.00,454.00,1526.00,8415.00,9213.00,2822.00,2931.00,6399.00,2430.00,4678.00,99.00,1425.00,257.00,2857.00,1598.00,9751.00,2567.00,82.00,9141.00,27.00,752.00,52.00
336,1256.99,121.00,160.00,369.00,460.00,1858.00,9384.00,9821.00,3381.00,3145.00,6146.00,2905.00,4767.00,140.00,1608.00,272.00,2992.00,2758.00,12987.00,2697.00,103.00,9710.00,25.00,804.00,31.00
337,1257.43,128.00,151.00,353.00,424.00,2222.00,9512.00,9467.00,3871.00,3181.00,5575.00,3497.00,4718.00,146.00,1626.00,259.00,2991.00,3558.00,14810.00,2624.00,106.00,9303.00,28.00,801.00,39.00
338,1257.86,98.00,141.00,330.00,398.00,2695.00,9509.00,9082.00,4514.00,3222.00,5089.00,4510.00,4869.00,117.00,1600.00,255.00,2970.00,3718.00,14643.00,2563.00,70.00,8867.00,23.00,770.00,54.00
339,1258.30,96.00,96.00,324.00,426.00,3046.00,9054.00,8427.00,5014.00,3166.00,4472.00,5490.00,4976.00,130.00,1507.00,257.00,2834.00,3245.00,11921.00,2383.00,91.00,8157.00,37.00,824.00,47.00
340,1258.73,147.00,135.00,396.00,486.00,3350.00,8863.00,8209.00,5540.00,3141.00,4063.00,6217.00,5234.00,175.00,1404.00,303.00,2748.00,3067.00,9104.00,2290.00,100.00,7726.00,35.00,1008.00,51.00
341,1259.17,128.00,95.00,508.00,628.00,3352.00,8664.00,7830.00,5653.00,2969.00,3631.00,6191.00,5251.00,178.00,1216.00,315.00,2577.00,3559.00,6707.00,2151.00,104.00,7167.00,22.00,1215.00,42.00
342,1259.60,154.00,80.00,730.00,891.00,3265.00,8435.00,7577.00,5494.00,2813.00,3340.00,5704.00,5232.00,214.00,1097.00,300.00,2434.00,4917.00,5189.00,2050.00,93.00,6714.00,35.00,1410.00,60.00
343,1260.04,167.00,58.00,898.00,1124.00,3146.00,7769.00,6885.00,4827.00,2576.00,2960.00,4911.00,4932.00,218.00,997.00,290.00,2235.00,7687.00,4176.00,1932.00,78.00,5953.00,33.00,1344.00,48.00
344,1260.47,152.00,70.00,964.00,1214.00,3136.00,7006.00,6142.00,4198.00,2409.00,2749.00,4326.00,4663.00,284.00,890.00,307.00,2151.00,10305.00,3827.00,1864.00,78.00,5230.00,34.00,1095.00,43.00
345,1260.90,150.00,60.00,813.00,1029.00,3052.00,5815.00,5196.00,3523.00,2205.00,2508.00,3753.00,4180.00,310.00,867.00,284.00,1989.00,9397.00,3513.00,1742.00,107.00,4383.00,50.00,779.00,44.00
346,1261.33,177.00,70.00,593.00,722.00,3047.00,4811.00,4468.00,3089.00,2077.00,2352.00,3336.00,3706.00,308.00,837.00,257.00,1924.00,6390.00,3123.00,1669.00,76.00,3733.00,55.00,609.00,45.00
347,1261.77,124.00,55.00,427.00,531.00,2919.00,3703.00,3637.00,2721.00,1875.00,2097.00,2815.00,3149.00,285.00,757.00,225.00,1774.00,2284.00,2451.00,1542.00,76.00,3026.00,38.00,548.00,28.00
348,1262.20,104.00,61.00,377.00,454.00,2859.00,2891.00,3011.00,2562.00,1761.00,1957.00,2349.00,2755.00,261.00,774.00,200.00,1686.00,700.00,1925.00,1457.00,75.00,2535.00,74.00,605.00,39.00
349,1262.63,72.00,55.00,308.00,394.00,2678.00,2252.00,2469.00,2496.00,1639.00,1808.00,1881.00,2421.00,238.00,708.00,193.00,1574.00,389.00,1639.00,1387.00,82.00,2101.00,59.00,670.00,19.00
350,1263.06,110.00,67.00,257.00,335.00,2635.00,1843.00,2081.00,2521.00,1588.00,1723.00,1581.00,2210.00,233.00,733.00,177.00,1540.00,346.00,1518.00,1385.00,86.00,1853.00,81.00,825.00,40.00
351,1263.49,61.00,44.00,185.00,247.00,2413.00,1494.00,1712.00,2448.00,1453.00,1583.00,1305.00,1959.00,189.00,686.00,176.00,1430.00,328.00,1378.00,1279.00,73.00,1569.00,79.00,885.00,43.00
352,1263.92,76.00,63.00,137.00,181.00,2309.00,1297.00,1484.00,2370.00,1410.00,1518.00,1117.00,1841.00,146.00,671.00,177.00,1380.00,372.00,1290.00,1266.00,90.00,1385.00,72.00,868.00,42.00
353,1264.35,97.00,86.00,112.00,143.00,2119.00,1141.00,1351.00,2186.00,1345.00,1449.00,968.00,1702.00,147.00,694.00,154.00,1341.00,410.00,1239.00,1295.00,85.00,1265.00,61.00,714.00,31.00
354,1264.77,78.00,104.00,100.00,134.00,2019.00,1036.00,1213.00,2027.00,1317.00,1402.00,898.00,1647.00,142.00,681.00,160.00,1350.00,431.00,1112.00,1374.00,99.00,1198.00,64.00,591.00,50.00
355,1265.20,92.00,48.00,90.00,90.00,1805.00,871.00,1074.00,1729.00,1220.00,1289.00,769.00,1510.00,129.00,685.00,138.00,1328.00,389.00,953.00,1456.00,78.00,1065.00,47.00,466.00,49.00
356,1265.63,65.00,47.00,83.00,129.00,1730.00,809.00,1003.00,1575.00,1201.00,1276.00,709.00,1458.00,134.00,710.00,171.00,1384.00,349.00,842.00,1586.00,64.00,1004.00,46.00,469.00,35.00
357,1266.05,69.00,4.00,61.00,108.00,1594.00,723.00,918.00,1359.00,1134.00,1204.00,653.00,1380.00,143.00,737.00,157.00,1314.00,300.00,731.00,1565.00,96.00,938.00,63.00,486.00,46.00
358,1266.48,55.00,47.00,56.00,77.00,1463.00,662.00,803.00,1225.00,1097.00,1152.00,565.00,1296.00,113.00,844.00,137.00,1262.00,265.00,606.00,1381.00,62.00,875.00,53.00,504.00,44.00
359,1266.91,84.00,82.00,75.00,91.00,1386.00,625.00,769.00,1087.00,1074.00,1085.00,531.00,1282.00,144.00,1051.00,149.00,1159.00,255.00,544.00,1208.00,100.00,839.00,44.00,490.00,34.00
360,1267.33,39.00,61.00,73.00,75.00,1303.00,568.00,723.00,1019.00,1034.00,1098.00,486.00,1209.00,128.00,1186.00,114.00,1083.00,233.00,480.00,1059.00,74.00,793.00,30.00,536.00,45.00
361,1267.76,48.00,56.00,40.00,62.00,1219.00,525.00,666.00,938.00,999.00,1048.00,445.00,1150.00,114.00,1206.00,105.00,1018.00,196.00,428.00,966.00,66.00,762.00,22.00,562.00,36.00
362,1268.18,67.00,59.00,70.00,65.00,1204.00,526.00,664.00,875.00,1004.00,1052.00,429.00,1122.00,157.00,1299.00,139.00,1005.00,244.00,373.00,950.00,107.00,779.00,50.00,595.00,35.00
363,1268.60,58.00,82.00,54.00,39.00,1119.00,445.00,617.00,795.00,951.00,995.00,402.00,1062.00,159.00,1323.00,111.00,971.00,212.00,316.00,901.00,68.00,770.00,42.00,621.00,59.00
364,1269.03,79.00,67.00,43.00,55.00,1098.00,465.00,566.00,759.00,936.00,1002.00,378.00,1037.00,176.00,1347.00,98.00,895.00,254.00,319.00,878.00,75.00,777.00,48.00,730.00,27.00
365,1269.45,31.00,38.00,22.00,48.00,1037.00,402.00,528.00,691.00,912.00,934.00,362.00,954.00,148.00,1172.00,119.00,895.00,377.00,265.00,827.00,70.00,770.00,54.00,768.00,34.00
366,1269.87,63.00,80.00,56.00,74.00,1063.00,426.00,553.00,712.00,903.00,952.00,338.00,951.00,254.00,977.00,122.00,907.00,628.00,273.00,851.00,95.00,826.00,57.00,797.00,43.00
367,1270.29,69.00,64.00,53.00,67.00,994.00,408.00,514.00,655.00,878.00,922.00,312.00,938.00,260.00,828.00,127.00,891.00,701.00,260.00,862.00,109.00,836.00,72.00,766.00,39.00
368,1270.71,34.00,64.00,46.00,52.00,975.00,370.00,465.00,616.00,833.00,927.00,313.00,852.00,291.00,743.00,106.00,839.00,640.00,245.00,817.00,60.00,803.00,77.00,752.00,59.00
369,1271.13,52.00,66.00,51.00,61.00,953.00,346.00,444.00,585.00,806.00,916.00,298.00,818.00,368.00,705.00,105.00,826.00,522.00,226.00,791.00,81.00,771.00,46.00,688.00,33.00
370,1271.55,64.00,69.00,56.00,83.00,955.00,365.00,445.00,545.00,829.00,933.00,289.00,816.00,483.00,749.00,125.00,819.00,440.00,255.00,783.00,69.00,765.00,68.00,701.00,26.00
371,1271.97,86.00,69.00,43.00,73.00,924.00,356.00,458.00,534.00,782.00,897.00,304.00,776.00,596.00,770.00,136.00,793.00,414.00,268.00,784.00,56.00,686.00,79.00,704.00,31.00
372,1272.39,60.00,56.00,31.00,44.00,871.00,303.00,395.00,481.00,740.00,882.00,248.00,727.00,739.00,789.00,104.00,763.00,398.00,240.00,769.00,62.00,602.00,78.00,736.00,38.00
373,1272.81,60.00,53.00,31.00,68.00,857.00,306.00,385.00,472.00,729.00,856.00,226.00,708.00,812.00,838.00,100.00,758.00,429.00,246.00,781.00,87.00,537.00,96.00,840.00,49.00
374,1273.22,69.00,95.00,14.00,57.00,871.00,309.00,378.00,447.00,719.00,873.00,230.00,702.00,826.00,906.00,130.00,771.00,441.00,226.00,797.00,93.00,570.00,106.00,1045.00,56.00
375,1273.64,68.00,65.00,34.00,57.00,787.00,268.00,345.00,406.00,614.00,799.00,229.00,626.00,717.00,976.00,141.00,722.00,375.00,221.00,771.00,78.00,501.00,121.00,1375.00,40.00
376,1274.06,50.00,59.00,9.00,25.00,795.00,266.00,336.00,406.00,635.00,817.00,182.00,636.00,649.00,1187.00,87.00,740.00,301.00,168.00,798.00,73.00,489.00,145.00,2088.00,42.00
377,1274.47,66.00,79.00,57.00,66.00,829.00,273.00,354.00,388.00,644.00,834.00,219.00,622.00,552.00,1540.00,130.00,767.00,267.00,164.00,869.00,100.00,497.00,162.00,3430.00,39.00
378,1274.89,54.00,51.00,50.00,49.00,785.00,263.00,347.00,365.00,633.00,789.00,183.00,608.00,464.00,2015.00,127.00,756.00,263.00,160.00,908.00,112.00,461.00,167.00,5675.00,44.00
379,1275.30,63.00,61.00,34.00,36.00,741.00,265.00,304.00,329.00,576.00,746.00,170.00,571.00,372.00,2582.00,105.00,753.00,264.00,155.00,939.00,89.00,450.00,196.00,6768.00,38.00
380,1275.72,57.00,93.00,32.00,45.00,723.00,249.00,323.00,343.00,564.00,759.00,170.00,588.00,334.00,3253.00,113.00,764.00,286.00,166.00,999.00,82.00,437.00,232.00,6601.00,37.00
381,1276.13,61.00,26.00,7.00,40.00,723.00,257.00,275.00,291.00,511.00,746.00,148.00,515.00,270.00,3609.00,67.00,770.00,292.00,141.00,1061.00,61.00,406.00,275.00,4890.00,40.00
382,1276.54,51.00,28.00,-14.00,3.00,691.00,197.00,264.00,266.00,499.00,708.00,95.00,500.00,242.00,3708.00,77.00,780.00,417.00,155.00,1126.00,61.00,404.00,317.00,3392.00,35.00
383,1276.96,92.00,83.00,40.00,49.00,667.00,208.00,288.00,278.00,474.00,693.00,130.00,498.00,236.00,3401.00,105.00,861.00,725.00,173.00,1300.00,91.00,435.00,366.00,2757.00,24.00
384,1277.37,30.00,63.00,11.00,7.00,644.00,210.00,267.00,242.00,445.00,666.00,132.00,467.00,222.00,2910.00,60.00,929.00,1375.00,140.00,1501.00,55.00,424.00,442.00,2746.00,47.00
385,1277.78,82.00,55.00,28.00,44.00,639.00,213.00,259.00,251.00,454.00,672.00,148.00,480.00,224.00,2343.00,103.00,1034.00,2860.00,192.00,1764.00,78.00,394.00,539.00,2964.00,37.00
386,1278.19,59.00,42.00,41.00,58.00,609.00,185.00,235.00,240.00,419.00,640.00,107.00,431.00,246.00,1930.00,84.00,1210.00,6603.00,172.00,2112.00,64.00,415.00,688.00,3514.00,41.00
387,1278.60,85.00,79.00,40.00,46.00,580.00,208.00,286.00,234.00,411.00,672.00,143.00,464.00,313.00,1571.00,118.00,1417.00,9576.00,182.00,2622.00,76.00,424.00,844.00,4328.00,32.00
388,1279.01,81.00,66.00,37.00,62.00,594.00,195.00,267.00,236.00,386.00,634.00,123.00,394.00,330.00,1345.00,100.00,1769.00,9567.00,173.00,3413.00,92.00,442.00,1092.00,5931.00,34.00
389,1279.42,53.00,65.00,22.00,43.00,528.00,188.00,250.00,198.00,321.00,585.00,138.00,348.00,321.00,1203.00,92.00,2203.00,6703.00,143.00,4542.00,58.00,407.00,1391.00,8402.00,54.00
390,1279.83,74.00,71.00,45.00,47.00,515.00,195.00,240.00,203.00,348.00,599.00,108.00,410.00,305.00,1163.00,101.00,2824.00,2612.00,156.00,6044.00,74.00,435.00,1821.00,12513.00,37.00
391,1280.24,58.00,55.00,-5.00,11.00,492.00,181.00,225.00,181.00,314.00,542.00,110.00,383.00,263.00,1076.00,75.00,3079.00,846.00,128.00,6810.00,67.00,400.00,2074.00,18557.00,31.00
392,1280.64,55.00,61.00,38.00,47.00,502.00,193.00,225.00,203.00,307.00,559.00,120.00,373.00,241.00,1151.00,115.00,3041.00,600.00,126.00,6849.00,90.00,423.00,2157.00,31180.00,50.00
393,1281.05,48.00,59.00,13.00,36.00,438.00,173.00,221.00,189.00,279.00,504.00,113.00,331.00,209.00,1229.00,65.00,2595.00,599.00,109.00,5831.00,78.00,433.00,1902.00,46258.00,51.00
394,1281.46,69.00,52.00,17.00,38.00,447.00,164.00,195.00,186.00,281.00,473.00,98.00,362.00,198.00,1344.00,91.00,2225.00,620.00,104.00,4785.00,88.00,440.00,1533.00,55429.00,51.00
395,1281.86,79.00,81.00,36.00,53.00,436.00,168.00,207.00,169.00,268.00,472.00,125.00,360.00,208.00,1612.00,109.00,2215.00,598.00,113.00,4542.00,86.00,444.00,1195.00,50339.00,52.00
396,1282.27,68.00,40.00,4.00,44.00,396.00,158.00,215.00,156.00,239.00,411.00,111.00,305.00,197.00,1971.00,91.00,2590.00,458.00,100.00,5319.00,61.00,461.00,1077.00,35858.00,41.00
397,1282.67,123.00,99.00,68.00,77.00,414.00,186.00,235.00,205.00,261.00,449.00,144.00,340.00,214.00,2580.00,102.00,3416.00,339.00,110.00,7084.00,115.00,521.00,1115.00,19413.00,44.00
398,1283.08,56.00,58.00,10.00,19.00,344.00,156.00,174.00,156.00,216.00,387.00,100.00,286.00,204.00,3503.00,83.00,4257.00,216.00,66.00,9249.00,65.00,506.00,1331.00,11299.00,47.00
399,1283.48,85.00,51.00,33.00,42.00,358.00,145.00,198.00,184.00,212.00,388.00,122.00,315.00,188.00,4765.00,95.00,4549.00,197.00,81.00,10075.00,65.00,500.00,1489.00,7409.00,28.00
400,1283.88,88.00,71.00,52.00,31.00,357.00,187.00,184.00,191.00,216.00,372.00,139.00,311.00,238.00,6340.00,113.00,4227.00,222.00,80.00,9463.00,99.00,547.00,1527.00,5530.00,28.00
401,1284.29,122.00,65.00,54.00,43.00,324.00,177.00,200.00,196.00,200.00,357.00,136.00,296.00,242.00,7107.00,97.00,3276.00,196.00,73.00,7224.00,96.00,573.00,1330.00,4233.00,46.00
402,1284.69,98.00,72.00,58.00,58.00,322.00,155.00,201.00,175.00,201.00,362.00,144.00,291.00,248.00,7317.00,94.00,2337.00,202.00,76.00,5135.00,68.00,596.00,1049.00,3745.00,34.00
403,1285.09,107.00,67.00,41.00,50.00,323.00,155.00,204.00,193.00,185.00,349.00,145.00,306.00,289.00,6944.00,109.00,1698.00,233.00,85.00,3730.00,74.00,584.00,774.00,3829.00,25.00
404,1285.49,123.00,89.00,58.00,75.00,308.00,179.00,188.00,212.00,186.00,343.00,153.00,309.00,322.00,6700.00,108.00,1393.00,301.00,92.00,3056.00,92.00,672.00,602.00,4832.00,44.00
405,1285.89,87.00,45.00,-3.00,30.00,234.00,136.00,162.00,172.00,125.00,304.00,110.00,247.00,339.00,6094.00,73.00,1148.00,430.00,53.00,2572.00,45.00,693.00,487.00,6588.00,33.00
406,1286.29,94.00,83.00,44.00,35.00,277.00,150.00,178.00,174.00,143.00,285.00,143.00,259.00,359.00,5176.00,94.00,1044.00,921.00,94.00,2363.00,88.00,767.00,418.00,10347.00,56.00
407,1286.69,99.00,71.00,39.00,58.00,271.00,150.00,199.00,185.00,146.00,307.00,134.00,284.00,372.00,3783.00,90.00,958.00,1941.00,85.00,2088.00,85.00,817.00,326.00,16655.00,52.00
408,1287.09,82.00,53.00,15.00,34.00,221.00,139.00,126.00,128.00,119.00,264.00,127.00,247.00,338.00,2666.00,66.00,847.00,2899.00,57.00,1849.00,61.00,845.00,304.00,22195.00,26.00
409,1287.48,107.00,89.00,43.00,34.00,231.00,137.00,182.00,140.00,149.00,279.00,133.00,261.00,326.00,2104.00,87.00,772.00,3062.00,82.00,1578.00,81.00,930.00,286.00,21412.00,26.00
410,1287.88,106.00,51.00,17.00,34.00,215.00,129.00,173.00,146.00,111.00,277.00,141.00,254.00,322.00,1927.00,95.00,644.00,2408.00,46.00,1321.00,69.00,1010.00,220.00,15945.00,38.00
411,1288.28,90.00,75.00,29.00,38.00,196.00,123.00,172.00,133.00,131.00,252.00,142.00,273.00,319.00,1969.00,96.00,576.00,1240.00,56.00,1090.00,82.00,1142.00,201.00,8498.00,42.00
412,1288.67,89.00,45.00,27.00,17.00,173.00,126.00,171.00,108.00,88.00,260.00,135.00,252.00,314.00,2184.00,106.00,451.00,537.00,78.00,898.00,62.00,1352.00,168.00,4559.00,31.00
413,1289.07,121.00,84.00,65.00,43.00,207.00,171.00,195.00,155.00,102.00,299.00,145.00,306.00,389.00,2593.00,126.00,430.00,292.00,77.00,789.00,99.00,1647.00,146.00,2884.00,41.00
414,1289.46,121.00,70.00,52.00,53.00,186.00,144.00,179.00,125.00,119.00,285.00,173.00,286.00,411.00,3256.00,114.00,380.00,214.00,88.00,714.00,84.00,2145.00,140.00,2076.00,25.00
415,1289.86,79.00,55.00,13.00,12.00,170.00,130.00,172.00,118.00,81.00,256.00,136.00,243.00,471.00,4125.00,97.00,306.00,130.00,66.00,576.00,55.00,2764.00,108.00,1591.00,30.00
416,1290.25,90.00,78.00,20.00,33.00,172.00,137.00,198.00,104.00,85.00,276.00,145.00,288.00,592.00,5271.00,101.00,305.00,138.00,76.00,560.00,89.00,3754.00,116.00,1367.00,59.00
417,1290.64,106.00,94.00,21.00,72.00,185.00,152.00,210.00,111.00,100.00,272.00,167.00,279.00,656.00,5732.00,160.00,293.00,139.00,82.00,508.00,74.00,4999.00,85.00,1185.00,28.00
418,1291.04,89.00,85.00,-6.00,25.00,179.00,144.00,245.00,116.00,77.00,263.00,141.00,271.00,625.00,5629.00,158.00,250.00,128.00,71.00,473.00,77.00,6649.00,81.00,1103.00,36.00
419,1291.43,103.00,65.00,25.00,20.00,141.00,141.00,237.00,81.00,72.00,259.00,158.00,288.00,528.00,4930.00,197.00,229.00,116.00,78.00,417.00,77.00,8355.00,88.00,995.00,36.00
420,1291.82,113.00,94.00,39.00,58.00,152.00,151.00,256.00,114.00,91.00,282.00,169.00,295.00,375.00,4263.00,224.00,225.00,125.00,83.00,419.00,94.00,9994.00,66.00,875.00,31.00
421,1292.21,101.00,93.00,36.00,37.00,164.00,153.00,266.00,114.00,87.00,302.00,183.00,318.00,308.00,3596.00,218.00,238.00,165.00,105.00,378.00,86.00,10617.00,63.00,753.00,34.00
422,1292.60,94.00,83.00,26.00,31.00,129.00,125.00,220.00,87.00,60.00,298.00,193.00,306.00,217.00,2849.00,173.00,181.00,145.00,56.00,338.00,72.00,10088.00,78.00,660.00,14.00
423,1292.99,97.00,93.00,51.00,37.00,121.00,132.00,205.00,102.00,77.00,313.00,192.00,309.00,162.00,2063.00,114.00,194.00,140.00,75.00,315.00,71.00,8310.00,61.00,559.00,34.00
424,1293.38,98.00,87.00,36.00,65.00,122.00,162.00,221.00,87.00,88.00,333.00,165.00,321.00,143.00,1549.00,152.00,189.00,158.00,94.00,309.00,83.00,6323.00,43.00,517.00,56.00
425,1293.77,76.00,62.00,-12.00,21.00,114.00,138.00,152.00,96.00,41.00,326.00,143.00,316.00,139.00,1112.00,86.00,135.00,117.00,76.00,272.00,60.00,4292.00,38.00,454.00,26.00
426,1294.15,74.00,66.00,30.00,42.00,95.00,135.00,161.00,82.00,51.00,386.00,158.00,351.00,107.00,955.00,107.00,163.00,133.00,105.00,289.00,76.00,3045.00,39.00,417.00,42.00
427,1294.54,86.00,114.00,49.00,49.00,94.00,142.00,179.00,107.00,98.00,445.00,192.00,388.00,120.00,804.00,115.00,171.00,159.00,108.00,281.00,90.00,2153.00,43.00,368.00,52.00
428,1294.93,72.00,105.00,33.00,44.00,100.00,138.00,177.00,99.00,61.00,454.00,163.00,392.00,114.00,691.00,111.00,153.00,163.00,94.00,297.00,62.00,1661.00,43.00,363.00,31.00
429,1295.31,103.00,125.00,22.00,52.00,107.00,159.00,174.00,126.00,85.00,528.00,194.00,481.00,122.00,674.00,129.00,161.00,177.00,125.00,295.00,83.00,1297.00,46.00,349.00,35.00
430,1295.70,87.00,86.00,21.00,21.00,99.00,138.00,173.00,84.00,41.00,519.00,158.00,458.00,103.00,567.00,103.00,134.00,140.00,135.00,299.00,75.00,1065.00,31.00,335.00,43.00
431,1296.08,76.00,129.00,26.00,50.00,107.00,130.00,168.00,105.00,61.00,531.00,187.00,480.00,133.00,532.00,111.00,152.00,145.00,158.00,312.00,77.00,911.00,34.00,334.00,45.00
432,1296.47,91.00,112.00,24.00,45.00,105.00,162.00,175.00,114.00,54.00,568.00,175.00,480.00,117.00,486.00,119.00,169.00,108.00,173.00,300.00,74.00,767.00,41.00,340.00,36.00
433,1296.85,63.00,130.00,29.00,35.00,85.00,140.00,173.00,90.00,42.00,586.00,176.00,493.00,106.00,447.00,99.00,141.00,128.00,179.00,285.00,55.00,694.00,36.00,328.00,26.00
434,1297.23,49.00,120.00,21.00,17.00,89.00,123.00,145.00,93.00,33.00,629.00,127.00,523.00,59.00,413.00,86.00,105.00,79.00,168.00,239.00,66.00,607.00,35.00,309.00,29.00
435,1297.61,56.00,156.00,14.00,36.00,101.00,143.00,188.00,119.00,53.00,697.00,173.00,607.00,100.00,406.00,123.00,153.00,84.00,194.00,234.00,97.00,575.00,36.00,301.00,49.00
436,1298.00,70.00,132.00,25.00,15.00,80.00,130.00,175.00,92.00,48.00,823.00,149.00,696.00,92.00,400.00,108.00,138.00,103.00,209.00,213.00,71.00,527.00,54.00,284.00,39.00
437,1298.38,57.00,171.00,27.00,54.00,99.00,112.00,200.00,106.00,48.00,1003.00,165.00,811.00,85.00,408.00,93.00,130.00,102.00,167.00,196.00,96.00,497.00,52.00,251.00,37.00
438,1298.76,61.00,204.00,36.00,49.00,84.00,135.00,210.00,143.00,65.00,1256.00,154.00,1043.00,96.00,382.00,93.00,134.00,109.00,199.00,197.00,85.00,487.00,38.00,239.00,32.00
439,1299.14,50.00,211.00,40.00,29.00,57.00,124.00,212.00,104.00,35.00,1646.00,150.00,1320.00,73.00,338.00,94.00,113.00,94.00,135.00,151.00,48.00,426.00,50.00,246.00,35.00
440,1299.51,63.00,287.00,15.00,23.00,83.00,125.00,197.00,113.00,40.00,2389.00,132.00,1796.00,95.00,356.00,112.00,105.00,80.00,109.00,142.00,69.00,439.00,53.00,248.00,35.00
441,1299.89,60.00,460.00,62.00,58.00,77.00,155.00,213.00,117.00,75.00,3542.00,156.00,2452.00,103.00,346.00,92.00,133.00,72.00,133.00,183.00,88.00,433.00,65.00,259.00,49.00
442,1300.27,55.00,628.00,27.00,26.00,69.00,125.00,238.00,116.00,40.00,4925.00,144.00,3221.00,42.00,325.00,99.00,128.00,100.00,112.00,144.00,87.00,407.00,41.00,255.00,27.00
443,1300.65,47.00,695.00,24.00,35.00,68.00,103.00,233.00,95.00,35.00,5942.00,152.00,3956.00,74.00,335.00,106.00,107.00,74.00,89.00,130.00,73.00,392.00,44.00,254.00,35.00
444,1301.02,40.00,668.00,44.00,44.00,61.00,118.00,226.00,96.00,48.00,6256.00,149.00,4492.00,79.00,305.00,108.00,111.00,71.00,93.00,137.00,61.00,395.00,34.00,257.00,38.00
445,1301.40,34.00,501.00,13.00,27.00,40.00,100.00,224.00,109.00,17.00,5805.00,131.00,4715.00,87.00,295.00,112.00,103.00,78.00,101.00,126.00,77.00,377.00,28.00,249.00,24.00
446,1301.77,23.00,340.00,3.00,21.00,53.00,114.00,234.00,88.00,48.00,4948.00,137.00,4657.00,72.00,298.00,82.00,77.00,69.00,81.00,134.00,83.00,386.00,25.00,251.00,40.00
447,1302.15,25.00,241.00,44.00,49.00,56.00,99.00,269.00,103.00,47.00,4049.00,120.00,4311.00,52.00,293.00,98.00,83.00,72.00,83.00,103.00,75.00,377.00,2.00,201.00,41.00
448,1302.52,41.00,214.00,50.00,28.00,56.00,119.00,306.00,90.00,46.00,3373.00,125.00,3918.00,85.00,301.00,98.00,81.00,85.00,132.00,129.00,80.00,435.00,26.00,231.00,11.00
449,1302.90,31.00,227.00,30.00,64.00,52.00,91.00,350.00,73.00,37.00,2721.00,147.00,3328.00,60.00,280.00,98.00,91.00,89.00,99.00,142.00,61.00,417.00,9.00,213.00,11.00
450,1303.27,43.00,181.00,43.00,3.00,59.00,77.00,396.00,95.00,35.00,2241.00,124.00,2799.00,56.00,294.00,92.00,100.00,57.00,95.00,113.00,72.00,427.00,13.00,226.00,20.00
451,1303.64,73.00,184.00,50.00,54.00,54.00,115.00,491.00,91.00,55.00,1811.00,129.00,2260.00,95.00,307.00,113.00,97.00,73.00,89.00,159.00,86.00,483.00,3.00,206.00,23.00
452,1304.01,39.00,166.00,15.00,33.00,45.00,80.00,593.00,94.00,52.00,1485.00,106.00,1841.00,73.00,280.00,90.00,86.00,63.00,71.00,113.00,89.00,509.00,21.00,240.00,30.00
453,1304.38,44.00,130.00,21.00,21.00,65.00,95.00,742.00,89.00,40.00,1249.00,118.00,1454.00,64.00,268.00,79.00,95.00,78.00,74.00,131.00,77.00,592.00,14.00,223.00,28.00
454,1304.75,3.00,198.00,27.00,47.00,42.00,68.00,921.00,62.00,49.00,1112.00,95.00,1194.00,51.00,286.00,96.00,95.00,47.00,56.00,125.00,82.00,689.00,18.00,246.00,43.00
455,1305.12,40.00,204.00,45.00,56.00,53.00,95.00,1113.00,91.00,66.00,939.00,122.00,970.00,52.00,261.00,98.00,87.00,57.00,92.00,130.00,72.00,819.00,11.00,224.00,44.00
456,1305.49,19.00,197.00,29.00,13.00,50.00,86.00,1310.00,54.00,21.00,856.00,102.00,803.00,67.00,250.00,86.00,77.00,46.00,76.00,101.00,95.00,929.00,8.00,233.00,41.00
457,1305.86,44.00,201.00,35.00,44.00,47.00,99.00,1488.00,64.00,54.00,826.00,117.00,700.00,61.00,243.00,89.00,85.00,68.00,87.00,104.00,72.00,1056.00,7.00,224.00,16.00
458,1306.23,50.00,217.00,44.00,57.00,66.00,82.00,1663.00,74.00,66.00,798.00,128.00,625.00,48.00,264.00,100.00,97.00,82.00,74.00,143.00,102.00,1209.00,7.00,212.00,29.00
459,1306.59,45.00,223.00,34.00,26.00,43.00,75.00,1731.00,71.00,50.00,757.00,117.00,524.00,10.00,266.00,86.00,87.00,70.00,75.00,119.00,80.00,1284.00,1.00,198.00,38.00
460,1306.96,27.00,206.00,27.00,31.00,30.00,79.00,1771.00,61.00,71.00,751.00,96.00,500.00,66.00,234.00,85.00,96.00,79.00,62.00,83.00,69.00,1337.00,8.00,207.00,33.00
461,1307.32,30.00,212.00,42.00,36.00,60.00,97.00,1743.00,68.00,34.00,807.00,104.00,462.00,64.00,250.00,85.00,90.00,73.00,77.00,107.00,84.00,1347.00,4.00,175.00,27.00
462,1307.69,34.00,231.00,23.00,43.00,52.00,83.00,1627.00,83.00,57.00,823.00,103.00,404.00,69.00,233.00,88.00,90.00,101.00,84.00,97.00,78.00,1269.00,1.00,168.00,38.00
463,1308.05,12.00,204.00,11.00,13.00,33.00,52.00,1464.00,25.00,26.00,761.00,77.00,351.00,35.00,228.00,50.00,73.00,87.00,60.00,78.00,70.00,1142.00,-10.00,138.00,26.00
464,1308.42,26.00,233.00,34.00,51.00,46.00,72.00,1277.00,73.00,59.00,686.00,103.00,344.00,77.00,230.00,98.00,92.00,130.00,73.00,96.00,85.00,1036.00,9.00,154.00,34.00
465,1308.78,3.00,225.00,3.00,40.00,33.00,53.00,1081.00,65.00,40.00,588.00,97.00,321.00,40.00,218.00,55.00,66.00,92.00,66.00,72.00,68.00,857.00,10.00,141.00,40.00
466,1309.14,14.00,241.00,42.00,52.00,81.00,92.00,859.00,102.00,65.00,550.00,104.00,307.00,84.00,261.00,84.00,109.00,134.00,98.00,128.00,93.00,734.00,2.00,108.00,31.00
467,1309.50,17.00,230.00,14.00,30.00,11.00,58.00,663.00,54.00,36.00,446.00,65.00,269.00,54.00,238.00,84.00,79.00,61.00,70.00,56.00,66.00,546.00,13.00,135.00,37.00
468,1309.86,38.00,234.00,28.00,26.00,46.00,72.00,526.00,52.00,51.00,394.00,93.00,261.00,69.00,245.00,88.00,64.00,103.00,82.00,82.00,73.00,466.00,2.00,120.00,31.00
469,1310.22,22.00,218.00,30.00,41.00,35.00,61.00,386.00,44.00,62.00,351.00,67.00,244.00,82.00,244.00,82.00,80.00,75.00,71.00,117.00,76.00,395.00,5.00,116.00,34.00
470,1310.58,23.00,226.00,33.00,55.00,37.00,81.00,353.00,57.00,75.00,327.00,76.00,222.00,80.00,282.00,93.00,110.00,80.00,74.00,101.00,85.00,357.00,22.00,125.00,40.00
471,1310.94,27.00,233.00,26.00,42.00,-8.00,83.00,246.00,56.00,42.00,285.00,35.00,187.00,94.00,211.00,48.00,68.00,75.00,64.00,88.00,90.00,289.00,2.00,129.00,42.00
472,1311.30,12.00,192.00,16.00,33.00,20.00,51.00,221.00,58.00,34.00,275.00,75.00,195.00,45.00,229.00,78.00,89.00,54.00,72.00,111.00,80.00,274.00,0.00,114.00,35.00
473,1311.66,29.00,246.00,49.00,55.00,62.00,84.00,242.00,73.00,86.00,244.00,104.00,185.00,95.00,233.00,95.00,90.00,88.00,84.00,108.00,100.00,294.00,12.00,120.00,48.00
474,1312.01,4.00,190.00,34.00,20.00,9.00,47.00,167.00,18.00,11.00,237.00,51.00,158.00,54.00,208.00,68.00,81.00,54.00,72.00,93.00,77.00,236.00,20.00,145.00,51.00
475,1312.37,11.00,203.00,28.00,51.00,37.00,55.00,180.00,41.00,43.00,209.00,67.00,160.00,76.00,223.00,90.00,117.00,78.00,71.00,108.00,76.00,227.00,-8.00,99.00,52.00
476,1312.73,0.00,164.00,25.00,24.00,30.00,61.00,151.00,16.00,41.00,221.00,32.00,150.00,34.00,210.00,74.00,69.00,54.00,54.00,97.00,72.00,221.00,10.00,126.00,26.00
477,1313.08,-8.00,194.00,39.00,56.00,26.00,63.00,138.00,34.00,43.00,200.00,76.00,138.00,56.00,188.00,73.00,84.00,39.00,53.00,114.00,67.00,212.00,-13.00,75.00,30.00
478,1313.44,24.00,158.00,0.00,22.00,27.00,51.00,134.00,31.00,25.00,189.00,48.00,108.00,27.00,177.00,57.00,82.00,60.00,78.00,142.00,48.00,176.00,5.00,93.00,34.00
479,1313.79,-1.00,163.00,19.00,38.00,21.00,80.00,129.00,43.00,43.00,207.00,50.00,114.00,37.00,203.00,74.00,93.00,69.00,65.00,153.00,82.00,203.00,21.00,98.00,38.00
480,1314.14,44.00,181.00,49.00,40.00,48.00,79.00,147.00,56.00,68.00,192.00,81.00,127.00,87.00,215.00,95.00,112.00,53.00,95.00,192.00,97.00,215.00,-17.00,61.00,31.00
481,1314.49,26.00,178.00,21.00,82.00,43.00,77.00,154.00,46.00,47.00,187.00,64.00,139.00,69.00,191.00,76.00,122.00,72.00,86.00,161.00,100.00,202.00,15.00,73.00,21.00
482,1314.85,35.00,152.00,22.00,37.00,5.00,63.00,116.00,20.00,44.00,164.00,44.00,90.00,46.00,189.00,87.00,93.00,52.00,46.00,154.00,39.00,195.00,22.00,94.00,25.00
483,1315.20,75.00,156.00,55.00,49.00,30.00,90.00,147.00,42.00,66.00,194.00,98.00,150.00,98.00,209.00,90.00,131.00,74.00,94.00,189.00,86.00,198.00,18.00,79.00,22.00
484,1315.55,14.00,115.00,25.00,43.00,7.00,73.00,121.00,29.00,61.00,177.00,55.00,105.00,36.00,187.00,64.00,92.00,68.00,38.00,116.00,76.00,180.00,-2.00,62.00,25.00
485,1315.90,12.00,130.00,31.00,37.00,12.00,79.00,126.00,26.00,77.00,164.00,47.00,104.00,51.00,193.00,81.00,115.00,57.00,57.00,117.00,82.00,202.00,-1.00,70.00,29.00
486,1316.24,51.00,156.00,52.00,50.00,63.00,63.00,117.00,50.00,87.00,198.00,87.00,128.00,58.00,212.00,87.00,116.00,77.00,112.00,132.00,98.00,210.00,23.00,86.00,35.00
487,1316.59,-8.00,91.00,-1.00,9.00,7.00,41.00,65.00,11.00,33.00,142.00,32.00,71.00,64.00,188.00,43.00,95.00,24.00,34.00,97.00,71.00,159.00,16.00,46.00,42.00
488,1316.94,21.00,139.00,52.00,54.00,51.00,104.00,111.00,72.00,70.00,181.00,68.00,108.00,87.00,212.00,78.00,120.00,93.00,108.00,106.00,90.00,216.00,5.00,60.00,11.00
489,1317.29,14.00,91.00,39.00,22.00,27.00,48.00,103.00,40.00,48.00,116.00,29.00,75.00,31.00,181.00,73.00,90.00,71.00,75.00,105.00,74.00,178.00,24.00,76.00,25.00
490,1317.63,51.00,147.00,55.00,69.00,59.00,81.00,129.00,70.00,81.00,152.00,86.00,115.00,66.00,207.00,95.00,107.00,95.00,120.00,121.00,108.00,190.00,13.00,63.00,32.00
491,1317.98,38.00,130.00,46.00,99.00,60.00,78.00,129.00,69.00,95.00,145.00,93.00,137.00,86.00,203.00,133.00,137.00,111.00,107.00,132.00,116.00,207.00,9.00,59.00,35.00
492,1318.32,23.00,96.00,30.00,20.00,41.00,80.00,84.00,57.00,65.00,134.00,56.00,87.00,41.00,178.00,79.00,92.00,69.00,106.00,98.00,84.00,183.00,3.00,79.00,25.00
493,1318.67,2.00,82.00,22.00,36.00,31.00,38.00,77.00,14.00,43.00,118.00,36.00,70.00,38.00,158.00,65.00,75.00,38.00,82.00,93.00,57.00,160.00,3.00,68.00,38.00
494,1319.01,4.00,86.00,8.00,34.00,38.00,62.00,99.00,23.00,81.00,116.00,27.00,91.00,47.00,191.00,82.00,102.00,87.00,94.00,95.00,89.00,163.00,23.00,84.00,20.00
495,1319.35,30.00,85.00,24.00,58.00,24.00,67.00,111.00,27.00,72.00,124.00,74.00,79.00,53.00,178.00,83.00,75.00,72.00,89.00,95.00,97.00,169.00,10.00,63.00,21.00
496,1319.69,21.00,94.00,13.00,27.00,57.00,60.00,99.00,51.00,90.00,104.00,69.00,99.00,75.00,200.00,90.00,115.00,103.00,112.00,108.00,103.00,180.00,22.00,70.00,35.00
497,1320.03,0.00,57.00,13.00,21.00,4.00,48.00,73.00,18.00,60.00,93.00,11.00,85.00,55.00,172.00,26.00,90.00,46.00,63.00,69.00,60.00,156.00,17.00,65.00,25.00
498,1320.37,48.00,87.00,59.00,61.00,42.00,68.00,103.00,47.00,145.00,123.00,98.00,102.00,51.00,180.00,74.00,132.00,89.00,111.00,115.00,104.00,184.00,0.00,74.00,22.00
499,1320.71,-6.00,48.00,-15.00,11.00,-4.00,26.00,69.00,-14.00,80.00,72.00,16.00,46.00,22.00,155.00,43.00,85.00,28.00,43.00,48.00,41.00,142.00,7.00,46.00,22.00
500,1321.05,0.00,64.00,17.00,17.00,1.00,44.00,85.00,40.00,96.00,75.00,43.00,83.00,46.00,176.00,44.00,103.00,34.00,111.00,70.00,57.00,164.00,-5.00,36.00,19.00
501,1321.39,37.00,104.00,74.00,50.00,34.00,72.00,118.00,56.00,147.00,107.00,85.00,109.00,74.00,206.00,90.00,126.00,91.00,86.00,124.00,96.00,160.00,-12.00,35.00,28.00
502,1321.73,14.00,33.00,1.00,29.00,21.00,50.00,56.00,21.00,78.00,70.00,40.00,76.00,52.00,173.00,65.00,95.00,68.00,72.00,66.00,61.00,167.00,5.00,49.00,22.00
503,1322.07,7.00,33.00,14.00,22.00,13.00,36.00,66.00,14.00,65.00,65.00,28.00,62.00,39.00,148.00,44.00,80.00,26.00,80.00,72.00,71.00,131.00,11.00,37.00,41.00
504,1322.40,12.00,82.00,26.00,44.00,45.00,56.00,90.00,32.00,94.00,75.00,88.00,78.00,27.00,190.00,79.00,100.00,75.00,83.00,87.00,83.00,162.00,9.00,28.00,8.00
505,1322.74,7.00,25.00,4.00,17.00,10.00,38.00,73.00,-5.00,57.00,61.00,39.00,72.00,43.00,141.00,48.00,94.00,43.00,49.00,78.00,51.00,131.00,18.00,37.00,25.00
506,1323.07,20.00,89.00,41.00,62.00,34.00,50.00,77.00,28.00,78.00,102.00,90.00,103.00,67.00,199.00,84.00,110.00,73.00,95.00,85.00,98.00,177.00,4.00,53.00,13.00
507,1323.41,39.00,85.00,46.00,59.00,48.00,68.00,98.00,68.00,103.00,104.00,85.00,95.00,94.00,192.00,99.00,106.00,76.00,119.00,119.00,112.00,184.00,-6.00,58.00,18.00
508,1323.74,20.00,44.00,42.00,22.00,43.00,39.00,81.00,13.00,73.00,94.00,73.00,95.00,41.00,163.00,41.00,86.00,44.00,90.00,77.00,65.00,165.00,28.00,57.00,31.00
509,1324.07,22.00,56.00,16.00,30.00,51.00,55.00,95.00,46.00,77.00,78.00,56.00,82.00,36.00,156.00,60.00,99.00,64.00,108.00,59.00,86.00,126.00,16.00,48.00,31.00
510,1324.40,4.00,56.00,36.00,28.00,28.00,58.00,86.00,32.00,68.00,64.00,60.00,98.00,45.00,197.00,67.00,62.00,73.00,89.00,95.00,90.00,150.00,9.00,45.00,22.00
511,1324.74,3.00,23.00,-14.00,17.00,-10.00,23.00,66.00,22.00,25.00,47.00,31.00,69.00,39.00,157.00,56.00,62.00,48.00,74.00,48.00,83.00,122.00,9.00,44.00,36.00
